artist_name,artist_ID
Billie Eilish,6qqNVTkY8uBg9cP3Jd7DAH
The Weeknd,1Xyo4u8uXC1ZmMpatF05PJ
Taylor Swift,06HL4z0CvFAxyc27GXpf02
Coldplay,4gzpq5DPGxSnKTe4SA8HAU
Post Malone,246dkjvS1zLTtiykXe5h60
Rihanna,5pKCCKE2ajJHZ9KAiaK11H
David Guetta,1Cs0zKBU1kc0i8ypK3B9ai
Eminem,7dGJo4pcD2V6oG8kP0tJRR
Bruno Mars,0du5cEVh5yTK9QJze8zA0C
Ariana Grande,66CXWjxzNUsdJxJ2JdwvnR
Drake,3TVXtAsR1Inumwj472S9r4
Sabrina Carpenter,74KM79TiuVKeVCqs8QtB0B
Justin Bieber,1uNFoZAHBGtllmzznpCI3s
Calvin Harris,7CajNmpbOovFoOoasH2HaY
Dua Lipa,6M2wZ9GZgrQXHCFfjv46we
Kendrick Lamar,2YZyLoL8N0Wb9xBt1NhZWg
Travis Scott,0Y5tJX1MQlPlqiwlOH1tJY
SZA,7tYKF4w9nC0nq9CsPZTHyP
Ed Sheeran,6eUKZXaKkcviH0Ku9w2n3V
Kanye West,5K4W6rqBFWDnAN6FQUkS6x
Shakira,0EmeFodog0BfCgMzAIvKQp
Bad Bunny,4q3ewBCX7sLwd24euuV69X
Lana Del Rey,00FQb4jTyendYWaN8pK0wa
Maroon 5,04gDigrS5kc9YWfZHwBETP
KAROL G,790FomKkXshlbRYZFtlgla
Lady Gaga,1HY2Jd0NmPuamShAr6KMms
Marshmello,64KEffDW9EtZ1y2vBYgq8T
Imagine Dragons,53XhwfbYqKCa1cC15pYq2q
OneRepublic,5Pwc4xIPtQLFEnJriah9YJ
Katy Perry,6jJ0s89eD6GaHleKKya26X
J Balvin,1vyhD5VmyZ7KMfW5gqLgo5
Future,1RyvyyTE3xzB2ZywiAwp0i
Beyoncé,6vWDO969PvNqNYHIOW5v0m
Adele,4dpARuHxo51G3z768sgnrY
Miley Cyrus,5YGY8feqx7naU7z4HrwZM6
Sia,5WUlDfRSoLAfcVSX1WnrxN
Harry Styles,6KImCVD70vtIoJWnq6nGn3
Metro Boomin,0iEtIxbK0KxaSlF7G42ZOp
Khalid,6LuN9FCkKOj5PcnpouEgny
Daddy Yankee,4VMYDCV2IEDYJArk749S6m
Hozier,2FXC3k01G6Gw61bmprjgqS
Benson Boone,22wbnEMDvgVIAGdFeek6ET
Queen,1dfeR4HaWDbWqFHLkxsg1d
21 Savage,1URnnhqYAYcrqrcwql10ft
Sam Smith,2wY79sveU1sp5g7SokKOiI
Rauw Alejandro,1mcTU81TzQhprhouKaTkpq
Doja Cat,5cj0lLjcoR7YOSnhnX0Po5
Arctic Monkeys,7Ln80lUS6He07XvHI8qqHH
Elton John,3PhoLpVuITZKcymswpck5b
Peso Pluma,12GqGscKJx3aE4t07u7eVZ
The Chainsmokers,69GGBxA162lTqCwzJG5jLp
Pitbull,0TnOYISbd1XYRBk9myaseg
Chris Brown,7bXgB6jMjp9ATFy66eO08Z
Olivia Rodrigo,1McMsnEElThX1knmY4oliG
Cris Mj,1Yj5Xey7kTwvZla8sqdsdE
Tiësto,2o5jDhtHVPhrJdv3cEQ99Z
Nicki Minaj,0hCNtLu0JehylgoiP8L4Gh
Shawn Mendes,7n2wHs1TKAczGzO7Dd2rGr
Maluma,1r4hJ1h58CWwUQe3MxPuau
The Kid LAROI,2tIP7SsRs7vjIcLrU85W8J
Michael Jackson,3fMbdgg4jU18AjLCKBhRSm
Feid,2LRoIwlKmHjgvigdNGBHNo
One Direction,4AK6F7OLvEQ5QYCBNiQWHq
Morgan Wallen,4oUHIQIBe0LHzYfvXNW4QM
Playboi Carti,699OTQXzgjhIYAHMy9RyPD
Ellie Goulding,0X2BH1fck6amBIoJhDVmmJ
Ozuna,1i8SpTcr7yvPOmcqrbnVXY
Camila Cabello,4nDoRrQiYLoBzwC5BhVJzF
Black Eyed Peas,1yxSLGMDHlW21z4YXirZDS
Myke Towers,7iK8PXO48WeuP03g8YR51W
The Neighbourhood,77SW9BnxLY8rJ0RciFqkHh
Halsey,26VFTg2z8YR0cCuwLzESi2
Charli xcx,25uiPmTg16RbhZWAqwLBy5
Bebe Rexha,64M6ah0SkkRsnPGtGiRAbb
Chappell Roan,7GlBOeep6PqTfFi59PTUUN
USHER,23zg3TcAtWQy7J6upgbUnj
Linkin Park,6XyY86QOPPrYVGvF9ch6wz
FloyyMenor,7CvTknweLr9feJtRGrpDBy
Madonna,6tbjWDEIzxoDsBA1FuhfPW
Tate McRae,45dkTj5sMRSjrmBSBeiHym
Arijit Singh,4YRxDV8wJFPHPTeXepOstw
XXXTENTACION,15UsOTVnJzReFVN1VCnxy4
Swae Lee,1zNqQNIdeOUZHb8zbZRFMX
Gunna,2hlmm7s2ICUX0LVIhVFlZQ
Teddy Swims,33qOK5uJ8AR2xuQQAhHump
AC/DC,711MCceyCBcFnzjGY4Q7Un
Avicii,1vCWHaC5f2uS3yhpwWbIA6
Britney Spears,26dSoYclwsYLMAKD3tpOr4
Manuel Turizo,0tmwSHipWxN12fsoLcFU3B
Ty Dolla $ign,7c0XG5cIJTrrAgEC3ULPiq
Justin Timberlake,31TPClRtHm23RisEBtV3X7
Creedence Clearwater Revival,3IYUhFvPQItj6xySrBmZkd
Tommy Richman,1WaFQSHVGZQJTbf0BdxdNo
Ne-Yo,21E3waRsmPlU7jZsS13rcj
J. Cole,6l3HvQ5sa6mXTsMTB19rO5
Central Cee,5H4yInM5zmHqpKIoMNAx4r
Selena Gomez,0C8ZW7ezQVs4URX5aX7Kqx
Don Omar,33ScadVnbm2X8kkUqOkC6Z
Shreya Ghoshal,0oOet2f43PA68X5RxKobEy
Pritam,1wRPtKGflJrBx9BmLsSwlU
Tom Odell,2txHhyCwHjUEpJjWrEyqyX
The Beatles,3WrFJ7ztbogyGnTHbHJFl2
Red Hot Chili Peppers,0L8ExT028jH3ddEcZwqJJ5
James Arthur,4IWBUUAFIplrNtaOHcJPRM
50 Cent,3q7HBObVc0L8jNeTe5Gofh
Lil Baby,5f7VJjfbwm532GiveGC0ZK
P!nk,1KCSPY1glIKqW2TotWuXOR
Charlie Puth,6VuMaDnrHyPL1p4EHjYLi7
Frank Ocean,2h93pZq0e7k5yf4dywlkpM
Lil Wayne,55Aa2cqylxrFIXC767Z865
Farruko,329e4yvIujISKGKz1BZZbO
Fleetwood Mac,08GQAI4eElDnROBrJRGE0X
Lost Frequencies,7f5Zgnp2spUuuzKplmRkt7
A.R. Rahman,1mYsTxnqsietFxj1OgoGbG
Kesha,6LqNN22kT3074XbTVUrhzX
A$AP Rocky,13ubrt8QOOCPljQ2FL1Kca
DJ Snake,540vIaP2JwjQb9dm3aArA4
Kygo,23fqKkggKUBHNkbKtXEls4
Pharrell Williams,2RdwBSPQiwcmiDo9kixcl8
Macklemore,3JhNCzhSMTxs9WLGJJxWOY
JAY-Z,3nFkdlSjzX9mRTtwJOzDYB
Anne-Marie,1zNqDE7qDGCsyzJwohVaoX
Luke Combs,718COspgdWOnwOFpJHRZHS
Shaboozey,3y2cIKLjiOlp1Np37WiUdH
Artemas,0PCCGZ0wGLizHt2KZ7hhA2
Sean Paul,3Isy6kedDrgPYoTS1dazA9
Megan Thee Stallion,181bsRPaVXVlUKXrxwZfHK
Diplo,5fMUXHkw8R8eOP2RNVYEZX
"Tyler, The Creator",4V8LLVI7PbaPR0K2TGSxFF
ABBA,0LcJLqbBmaGUft1e9Mm8HV
Green Day,7oPftvlwr6VrsViSDV7fJY
Anuel AA,2R21vXR83lH98kGeO99Y66
Zach Bryan,40ZNYROS4zLfyyBSs2PGe2
Flo Rida,0jnsk9HBra6NMjO2oANoPY
Bizarrap,716NhGYqD1jl2wI1Qkgq36
Noah Kahan,2RQXRUsr4IW1f3mKyKsy4B
Alicia Keys,3DiDSECUqqY1AuBP8qtaIa
Lewis Capaldi,4GNC7GD6oZMSxPGyXy4MNB
Ava Max,4npEfmQ6YuiwW1GpUmaq3F
Wiz Khalifa,137W8MRPWKqSmrBGDBFSop
Grupo Frontera,6XkjpgcEsYab502Vr1bBeW
Nirvana,6olE6TJLqED3rqDCT0FyPh
Guns N' Roses,3qm84nBOXUEQ2vnTfUTTFC
Jason Derulo,07YZf4WDAMNwqr4jfgOZ8y
Kali Uchis,1U1el3k54VvEUzo3ybLPlM
Major Lazer,738wLrAtLtCtFOLvQBXOXp
Twenty One Pilots,3YQKmKGau1PzlVlkL1iodx
Lil Uzi Vert,4O15NlyKLIASxsJ0PrXPfz
JENNIE,250b0Wlc5Vk0CoUsaCY84M
Carin Leon,66ihevNkSYNzRAl44dx6jJ
Becky G,4obzFoKoKRHIphyHzJ35G3
Alok,0NGAZxHanS9e0iNHpR8f2W
Alan Walker,7vk5e3vY1uw9plTHJAMwjN
Steve Lacy,57vWImR43h4CaDao012Ofp
TOTO,0PFtn5NtBbbUNbU9EAmIWF
Don Toliver,4Gso3d4CscCijv0lmajZWs
Anitta,3z7uejI6VjINKO4LQXxMuz
Lord Huron,6ltzsmQQbmdoHHbLZ4ZN25
Chencho Corleone,37230BxxYs9ksS7OkZw3IU
Miguel,360IAlyVv4PCEVjgyMZrxK
Bon Jovi,58lV9VcRSjABbAbfWS6skp
Jack Harlow,2LIk90788K0zvyj2JJVwkJ
Cardi B,4kYSro6naA4h99UJvo89HB
Akon,0z4gvV4rjIZ9wHck67ucSV
The Police,5NGO30tJxFlKixkPSgXcFE
Childish Gambino,73sIBHcqh3Z3NyqHKZ7FOL
Romeo Santos,5lwmRuXgjX8xIwlnauTZIP
Billy Joel,6zFYqv1mOsgBRQbae3JJ9e
JHAYCO,6nVcHLIgY5pE2YCl8ubca1
Djo,5p9HO3XC5P3BLxJs5Mtrhm
Snoop Dogg,7hJcb9fa4alzcOq3EaNPoG
The Lumineers,16oZKvXb6WkQlVAjwo2Wbg
Fuerza Regida,0ys2OFYzWYB5hRDLCsBqxt
Nicky Jam,1SupJlEpv7RS2tPNRaHViT
Mark Ronson,3hv9jJF3adDNsBSIQDqcjp
Ayra Starr,3ZpEKRjHaHANcpk10u6Ntq
The Rolling Stones,22bE4uQ6baNwSHPVcDxLCe
Calum Scott,6ydoSd3N2mwgwBHtF6K7eX
Young Thug,50co4Is1HCEo8bhOyUWKpn
Juice WRLD,4MCBfE4596Uoi2O4DtmEMz
ROSALÍA,7ltDVBr6mKbRvohxheJ9h1
Daniel Caesar,20wkVLutqVOYrc0kxFs7rA
*NSYNC,6Ff53KvcvAj5U7Z1vojB5o
Radiohead,4Z8W4fKeB5YxbusRsdQVPb
a-ha,2jzc5TC5TVFLXQlBNiIUzE
Train,3FUY2gzHeIiaesXtOAdB7A
Natasha Bedingfield,7o95ZoZt5ZYn31e9z1Hc0a
The Killers,0C0XlULifJtAgn6ZNCW2eu
Myles Smith,3bO19AOone0ubCsfDXDtYt
Mitski,2uYWxilOVlUdk4oV9DvwqK
Bob Marley & The Wailers,2QsynagSdAqZj3U9HgDzjD
Quevedo,52iwsT98xCoGgiGntTiR7K
Trueno,2x7PC78TmgqpEIjaGAZ0Oz
Enrique Iglesias,7qG3b048QCHVRO5Pv1T5lw
Demi Lovato,6S2OmqARrzebs0tKUEyXyp
Robin Schulz,3t5xRXzsuZmMDkQzgOX35S
Metallica,2ye2Wgw4gimLv2eAKyk1NB
Meghan Trainor,6JL8zeS1NmiOftqZTRgdTz
Kodak Black,46SHBwWsqBkxI7EeeBEQG7
Sachin-Jigar,1mBydYMVBECdDmMfE2sEUO
Christina Aguilera,1l7ZsJRRS8wlW3WfJfPfNS
Bee Gees,1LZEQNv7sE11VDY3SdxQeN
Disney,3xvaSlT4xsyk6lY1ESOspO
Nelly Furtado,2jw70GZXlAI8QzWeY2bgRc
Tame Impala,5INjqkS1o8h1imAzPqGZBb
BTS,3Nrfpe0tUJi4K4DXYWgMUX
Jennifer Lopez,2DlGxzQSjYe5N6G9nkYghR
RAYE,5KKpBU5eC2tJDzf0wmlRp2
Whitney Houston,6XpaIBNiVzIetEPCWDvAFP
Daryl Hall & John Oates,77tT1kLj6mCWtFNqiOmP9H
Lily-Rose Depp,1pBLC0qVRTB5zVMuteQ9jJ
Zara Larsson,1Xylc3o4UrD53lo9CvFvVg
Gorillaz,3AA28KZvwAUcZuOKwyblJQ
Cigarettes After Sex,1QAJqy2dA3ihHBFIHRphZj
Outkast,1G9G7WwrXka3Z1r7aIDjI7
Journey,0rvjqX7ttXeg3mTy8Xscbt
Clean Bandit,6MDME20pz9RveH9rEXvrOM
Backstreet Boys,5rSXSAkZ67PYJSvpUpkOr7
Maria Becerra,1DxLCyH42yaHKGK3cl5bvG
Vance Joy,10exVja0key0uqUkk6LJRT
Swedish House Mafia,1h6Cn3P4NGzXbaXidqURXs
Chris Stapleton,4YLtscXsxbVgi031ovDDdh
Richy Mitch & The Coal Miners,4qU7IJSReZnsLy5907Mtau
Tanishk Bagchi,4f7KfxeHq9BiylGmyXepGt
Ryan Lewis,4myTppRgh0rojLxx8RycOp
Udit Narayan,70B80Lwx2sxti0M1Ng9e8K
Sevdaliza,5MraexJKZDrQYzS98kNwie
ZAYN,5ZsFI1h6hIdQRw2ti0hz81
Junior H,7Gi6gjaWy3DxyilpF1a8Is
The Cranberries,7t0rwkOPGlDPEhaOcVtOt9
Dominic Fike,6USv9qhCn6zfxlBQIYJ9qs
Bruce Springsteen,3eqjTLE0HfPfh78zjh6TqT
Vishal-Shekhar,6Mv8GjQa7LKUGCAqa9qqdb
The Goo Goo Dolls,2sil8z5kiy4r76CRTXxBCA
Avril Lavigne,0p4nmQO2msCgU4IF37Wi3j
Mariah Carey,4iHNK0tOyZPYnBU7nGAgpQ
CYRIL,11kt6ggsdxvI8MhyeSMKom
Mark Ambor,11p2E654TTU8e0nZWBR4AL
d4vd,5y8tKLUfMvliMe8IKamR32
French Montana,6vXTefBL93Dj5IqAWq6OTv
The Script,3AQRLZ9PuTAozP28Skbq8V
Glass Animals,4yvcSjfu4PC0CYQyLy4wSq
Rvssian,1fctva4kpRbg2k3v7kwRuS
Tyla,3SozjO3Lat463tQICI9LcE
JID,6U3ybJ9UHNKEdsH7ktGBZ7
AFROJACK,4D75GcNG95ebPtNvoNVXhz
Amitabh Bhattacharya,2fMqTqiTxUDlmcOEPaQSsx
Arcángel,4SsVbpTthjScTS7U2hmr1X
Rema,46pWGuE3dSwY3bMMXGBvVS
Pabllo Vittar,6tzRZ39aZlNqlUzQlkuhDV
Labrinth,2feDdbD5araYcm6JhFHHw7
Elvis Presley,43ZHCT0cAZBISjO8DG9PnE
Plan B,2jSGzJw0ebJLu7OLVSOcBP
"Earth, Wind & Fire",4QQgXkCYTt3BlENzhyNETg
Young Miko,3qsKSpcV3ncke3hw52JSMB
Fall Out Boy,4UXqAaa6dQYAk18Lv7PEgX
Mac Miller,4LLpKhyESsyAXpc4laK94U
Offset,4DdkRBBYG6Yk9Ka8tdJ9BW
Dr. Dre,6DPYiyq5kWVQS4RGwxzPC7
Disclosure,6nS5roXSAGhTGr34W6n7Et
Trippie Redd,6Xgp2XMz1fhVYe7i6yNAax
Empire Of The Sun,67hb7towEyKvt5Z8Bx306c
Phil Collins,4lxfqrEsLX6N1N4OCSkILp
Keinemusik,26WKgv73kRHD0gEDKD1i8j
Lil Nas X,7jVv8c5Fj3E9VhNjxT4snq
Sebastian Yatra,07YUOmWljBTXwIseAUd9TW
Natanael Cano,0elWFr7TW8piilVRYJUe4P
Måneskin,0lAWpj5szCSwM4rUMHYmrr
Ice Spice,3LZZPxNDGDFVSIPqf4JuEf
Florence + The Machine,1moxjboGR7GNWYIMWsRjgG
Big Sean,0c173mlxpT3dSFRgMO8XPh
Bryson Tiller,2EMAnMvWE2eb56ToJVfCWs
Adam Port,2loEsOijJ6XiGzWYFXMIRk
Felix Jaehn,4bL2B6hmLlMWnUEZnorEtG
DaBaby,4r63FhuTkUYltbVAg5TQnk
Aerosmith,7Ey4PD4MYsKc5I2dolUwbH
Elley Duhé,67MNhiAICFY6Pwc2YxCO0K
System Of A Down,5eAWCfyUhZtHHtBdNk56l1
Christian Nodal,0XwVARXT135rw8lyw1EeWP
Nicki Nicole,2UZIAOlrnyZmyzt1nuXr9y
Kings of Leon,2qk9voo8llSGYcZ6xrBzKx
Quavo,0VRj0yCOv2FXJNP47XQnx5
Kid Cudi,0fA0VVWsXO9YnASrzqfmYu
Dasha,7Ez6lTtSMjMf2YSYpukP1I
Tory Lanez,2jku7tDXc6XoB6MO2hFuqg
Summer Walker,57LYzLEk2LcFghVwuWbcuS
El Alfa,2oQX8QiMXOyuqbcZEFsZfm
Bastille,7EQ0qTo7fWT7DPxmxtSYEc
KK,4fEkbug6kZzzJ8eYX6Kbbp
Kim Petras,3Xt3RrJMFv5SZkCfUE8C1J
Yseult,1QsdzIKkTT5gDFj8GB1cIX
Hotel Ugly,35WVTyRnKAoaGExqgktVyb
Rels B,2IMZYfNi21MGqxopj9fWx8
Troye Sivan,3WGpXCj9YhhfX11TToZcXP
Camilo,28gNT5KBp7IjEOQoevXf9N
Bryan Adams,3Z02hBLubJxuFJfhacLSDc
Dolly Parton,32vWCbZh0xZ4o9gkz4PsEU
2Pac,1ZwdS5xdxEREPySFridCfh
Giveon,4fxd5Ee7UefO4CUXgwJ7IP
Stephen Sanchez,5XKFrudbV4IiuE5WuTPRmT
Panic! At The Disco,20JZFwl6HVl6yg8a4H3ZqK
Tainy,0GM7qgcRCORpGnfcN2tCiB
Cyndi Lauper,2BTZIqw0ntH9MvilQ3ewNY
Conan Gray,4Uc8Dsxct0oMqx0P6i60ea
Brent Faiyaz,3tlXnStJ1fFhdScmQeLpuG
Martin Garrix,60d24wfXkVzDSfLS6hyCjZ
Nickelback,6deZN1bslXzeGvOLaLMOIF
Eagles,0ECwFtbIWEVNwjlrfc6xoL
Anderson .Paak,3jK9MiCrA42lLAdMGUZpwa
Tears For Fears,4bthk9UfsYUYdcFyqxmSUU
Lil Durk,3hcs9uc56yIGFCSy9leWe7
Nile Rodgers,3yDIp0kaq9EFKe07X1X2rz
Kacey Musgraves,70kkdajctXSbqSMJbQO424
TV Girl,0Y6dVaC9DZtPNH4591M42W
Tyga,5LHRHt1k9lMyONurDHEdrp
John Legend,5y2Xq6xcjJb2jVM54GHK3t
Shankar Mahadevan,1SJOL9HJ08YOn92lFcYf8a
G-Eazy,02kJSzxNuaWGqwubyUba0Z
¥$,4xPQFgDA5M2xa0ZGo5iIsv
Vishal Mishra,5wJ1H6ud777odtZl5gG507
Gracie Abrams,4tuJ0bMpJh08umKkEXKUI5
Ovy On The Drums,3m5qlPf2OkihLz3dRYnkPA
Anirudh Ravichander,4zCH9qm4R2DADamUHMCa6O
Oasis,2DaxqgrOhkeH0fpeiQq2f4
Luis Fonsi,4V8Sr092TqfHkfAA5fXXqG
Daft Punk,4tZwfgrHOc3mvqYlEYSvVi
Pop Smoke,0eDvMgVFoNV3TpwtrVCoTj
Jelly Roll,19k8AgwwTSxeaxkOuCQEJs
Paramore,74XFHRwlV6OrjEM0A2NCMF
Disturbed,3TOqt5oJwL9BE2NG9MEwDa
Lorde,163tK9Wjr9P9DmM0AVK7lm
ATL Jacob,7jAs1uPnpfNmT6e5qtEPxq
David Kushner,33NVpKoXjItPwUJTMZIOiY
The Notorious B.I.G.,5me0Irg2ANcsgc93uaYrpb
Annie Lennox,5MspMQqdVbdwP6ax3GXqum
Foster The People,7gP3bB2nilZXLfPHJhMdvc
Macklemore & Ryan Lewis,3JhNCzhSMTxs9WLGJJxWOY
Ryan Castro,7j6DKwmjbxvpQO8h914uEz
Yandel,0eHQ9o50hj6ZDNBt6Ys1sD
Shilpa Rao,19LIHDDSHBD5NyYHI3gpzB
Mc Gw,0f1IECbrVV952unZkzrsg2
JVKE,164Uj4eKjl6zTBKfJLFKKK
Luis R Conriquez,0pePYDrJGk8gqMRbXrLJC8
Van Morrison,44NX2ffIYHr6D4n7RaZF7A
U2,51Blml2LZPmy7TTiAg47vQ
Aventura,1qto4hHid1P71emI6Fd8xi
Alka Yagnik,3gBKY0y3dFFVRqicLnVZYz
MEDUZA,0xRXCcSX89eobfrshSVdyu
blink-182,6FBDaR13swtiWwGhX1WQsP
Jung Kook,6HaGTQPmzraVmaVxvz6EUc
Badshah,0y59o4v8uw5crbN9M3JiL1
Atif Aslam,2oSONSC9zQ4UonDKnLqksx
Bill Withers,1ThoqLcyIYvZn7iWbj8fsj
Céline Dion,4S9EykWXhStSc15wEx8QFK
Blessd,1TA5sGRlKUJXBN4ZyJuDIX
Danny Ocean,5H1nN1SzW0qNeUEZvuXjAj
DJ Khaled,0QHgL1lAIqAw0HtD7YldmP
Coi Leray,6AMd49uBDJfhf30Ak2QR5s
Reik,0vR2qb8m9WHeZ5ByCbimq2
Foo Fighters,7jy3rLJdDQY21OgRLCZ9sD
Dido,2mpeljBig2IXLXRAFO9AAs
Roddy Ricch,757aE44tKEUQEqRuT6GnEB
George Michael,19ra5tSw0tWufvUp8GotLo
Amy Winehouse,6Q192DXotxtaysaqNPy5yR
Polo G,6AgTAQt8XS6jRWi4sX7w49
Sech,77ziqFxp5gaInVrF2lj4ht
Jaani,5gZhfbckaWo89OzDSk3gdT
Mithoon,09UmIX92EUH9hAK4bxvHx6
Grupo Firme,1dKdetem2xEmjgvyymzytS
Tems,687cZJR45JO7jhk1LHIbgq
George Ezra,2ysnwxxNtSgbb9t1m2Ur4j
Timbaland,5Y5TRrQiqgUO4S36tzjIRZ
Nelly,2gBjLmx6zQnFGQJCAQpRgw
Tiago PZK,5Y3MV9DZ0d87NnVm56qSY1
Mohit Chauhan,5GnnSrwNCGyfAU4zuIytiS
Skrillex,5he5w2lnU9x7JFhnwcekXX
The Offspring,5LfGQac0EIXyAN8aUwmNAQ
Marvin Gaye,3koiLjNrgRTNbOwViDipeA
Oscar Maydon,3l9G1G9MxH6DaRhwLklaf5
Coolio,3y24n3XhZ96wgwRXjvS17T
Alphaville,0xliTEbFfy5HQHvsTknTkX
Clairo,3l0CmX0FuQjFxr8SK7Vqag
De La Ghetto,3EiLUeyEcA6fbRPSHkG5kb
Mora,0Q8NcsJwoCbZOHHW63su5S
Lil Tecca,4Ga1P7PMIsmqEZqhYZQgDo
Shankar-Ehsaan-Loy,0L5GV6LN8SWWUWIdBbTLTZ
Sonu Nigam,1dVygo6tRFXC8CSWURQJq2
Gabito Ballesteros,6Sbl0NT50roqWvy746MfVf
Los Ángeles Azules,0ZCO8oVkMj897cKgFH7fRW
Mac DeMarco,3Sz7ZnJQBIHsXLUSo0OQtM
Wisin & Yandel,1wZtkThiXbVNtj6hee6dz9
Keane,53A0W3U0s8diEn9RhXQhVz
Gabry Ponte,5ENS85nZShljwNgg4wFD7D
Baby Keem,5SXuuuRpukkTvsLuUknva1
Karan Aujla,6DARBhWbfcS9E4yJzcliqQ
5 Seconds of Summer,5Rl15oVamLq7FbSb0NNBNy
FISHER,1VJ0briNOlXRtJUAzoUJdt
Migos,6oMuImdp5ZcFhWP0ESe6mG
Joji,3MZsBdqDrRTJihTHQrO6Dq
Alesso,4AVFqumd2ogHFlRbKIjp1t
beabadoobee,35l9BRT7MXmM8bv2WDQiyB
Pink Floyd,0k17h0D3J5VfsdmQ1iZtE9
Latto,3MdXrJWsbVzdn6fe5JYkSQ
Julieta Venegas,2QWIScpFDNxmS6ZEMIUvgm
Gotye,2AsusXITU8P25dlRNhcAbG
Lenny Tavárez,1pQWsZQehhS4wavwh7Fnxd
Zerb,6mDl7lQiLxT0iQ8LYhAlWy
LISA,5L1lO4eRHmJ7a0Q6csE5cT
Dimitri Vegas & Like Mike,2HkAI0YrEcgoR8QdaURqhO
Diljit Dosanjh,2FKWNmZWDBZR4dE5KX4plR
Eurythmics,0NKDgy9j66h3DLnN8qu1bB
Darshan Raval,2GoeZ0qOTt6kjsWW4eA6LS
R3HAB,6cEuCEZu7PAE9ZSzLLc2oQ
The Outfield,1zxDewzd2j1ZdSBGaYcr0y
Dire Straits,0WwSkZ7LtFUFjGjMZBMt6T
Noah Cyrus,55fhWPvDiMpLnE4ZzNXZyW
PNAU,6n28c9qs9hNGriNa72b26u
Duki,1bAftSH8umNcGZ0uyV7LMg
Stevie Wonder,7guDJrEfX3qb6FEbdPA5qi
Lil Yachty,6icQOAFXDZKsumw3YXyusw
Jay Wheeler,2cPqdH7XMvwaBJEVjheH8g
Jubin Nautiyal,1tqysapcCh1lWEAc9dIFpa
Justin Quiles,14zUHaJZo1mnYtn6IBRaRP
Zion & Lennox,21451j1KhjAiaYKflxBjr1
Carly Rae Jepsen,6sFIWsNpZYqfjUpaCgueju
Bon Iver,4LEiUm1SRbFMgfqnQTwUbQ
Chinmayi,5UJ2sHO2ELrgW6aXeRLTQQ
My Chemical Romance,7FBcuc1gsnv6Y1nwFtNRCb
The Walters,027TpXKGwdXP7iwbjUSpV8
Banda MS de Sergio Lizárraga,2C6i0I5RiGzDKN9IAF8reh
Yeat,3qiHUAX7zY4Qnjx8TNUzVx
Juanes,0UWZUmn7sybxMCqrw9tGa7
Led Zeppelin,36QJpDe2go2KgaRleHCDTp
Carlos Vives,4vhNDa5ycK0ST968ek7kRr
Mike Posner,2KsP6tYLJlTBvSUxnwlVWa
Cage The Elephant,26T3LtbuGT1Fu9m0eRq5X3
MC Ryan SP,75i9GaW2MJUgt4BkdUnuUY
Jimin,1oSPZhvZMIrWW5I41kPkkY
NLE Choppa,0ErzCpIMyLcjPiwT4elrtZ
Kimbra,6hk7Yq1DU9QcCCrz9uc0Ti
Shaggy,5EvFsr3kj42KNv97ZEnqij
Jonas Blue,1HBjj22wzbscIZ9sEb5dyf
Ruth B.,2WzaAvm2bBCf4pEhyuDgCY
TINI,7vXDAI8JwjW531ouMGbfcp
Kelly Clarkson,3BmGtnKgCSGYIUhmivXKWX
Sunidhi Chauhan,3eDT9fwXKuHWFvgZaaYC5v
Jonas Brothers,7gOdHgIoIKoe4i9Tta6qdD
Dean Lewis,3QSQFmccmX81fWCUSPTS7y
Julia Michaels,0ZED1XzwlLHW4ZaG4lOT6m
Luis Miguel,2nszmSgqreHSdJA3zWPyrW
Hanumankind,4nVa6XlBFlIkF6msW57PHp
R.E.M.,4KWTAlx2RvbpseOGMEmROg
The White Stripes,4F84IBURUo98rz4r61KF70
John Mayer,0hEurMDQu99nJRq8pTxO14
MGMT,0SwO7SWeDHJijQ3XNS7xEE
Tinashe,0NIIxcxNHmOoyBx03SfTCD
Xavi,3Me35AWHCGqW4sZ7bWWJt1
The Cure,7bu3H8JO7d0UbMoVzbo70s
Prince Royce,3MHaV05u0io8fQbZ2XPtlC
Topic,0u6GtibW46tFX7koQ6uNJZ
Gwen Stefani,4yiQZ8tQPux8cPriYMWUFP
David Bowie,0oSGxfWSnnOXhD2fKuz2Gy
Michael Marcagi,4j96cMcT8GRi11qbvo1cLQ
Eslabon Armado,0XeEobZplHxzM9QzFQWLiR
Beéle,7a0XAaPaK2aDSqa8p3QnC7
Kane Brown,3oSJ7TBVCWMDMiYjXNiCKE
B.o.B,5ndkK3dpZLKtBklKjxNQwT
Bob Sinclar,5YFS41yoX0YuFY39fq21oN
Fred again..,4oLeXFyACqeem2VImYeBFe
Lauv,5JZ7CnR6gTvEMKX4g70Amv
Chino Pacas,2rmkQLzj0k4nZdQehOUByO
Neton Vega,6pV5zH2LzjOUHaAvENdMMa
PinkPantheress,78rUTD7y6Cy67W1RVzYs7t
PARTYNEXTDOOR,2HPaUgqeutzr3jx5a9WyDV
Vishal Dadlani,6CXEwIaXYfVJ84biCxqc9k
Becky Hill,4EPJlUEBy49EX1wuFOvtjK
Lynyrd Skynyrd,4MVyzYMgTwdP7Z49wAZHx0
Maná,7okwEbXzyT2VffBmyQBWLz
Chayanne,1JbemQ1fPt2YmSLjAFhPBv
League of Legends,47mIJdHORyRerp4os813jD
WALK THE MOON,6DIS6PRrLS3wbnZsf7vYic
Himesh Reshammiya,0sSxphmGskGCKlwB9xa6WU
A Boogie Wit da Hoodie,31W5EY0aAly4Qieq6OFu6I
Frank Sinatra,1Mxqyy3pSjf8kZZL4QVxS0
Dei V,2YRyPiW98bpkARAS4B3OQP
Emilia,0AqlFI0tz2DsEoJlKSIiT9
Ana Castela,2CKOmarVWvWqkNWUatHCex
Eladio Carrion,5XJDexmWFLWOkjOEjOVX3e
Ofenbach,4AKwRarlmsUlLjIwt38NLw
NewJeans,6HvZYsbFfjnjFrWF950C9d
mgk,6TIYQ3jFPwQSRmorSezPxX
Daya,6Dd3NScHWwnW6obMFbl1BH
La Oreja de Van Gogh,4U7lXyKdSf1JbM1aXvsodC
The Smiths,3yY2gUcIsjMr8hjo51PoJ8
Lil Peep,2kCcBybjl3SAtIcwdWpUe3
Amaal Mallik,76fuWYgIf3TVIopTs3vaJ6
BLACKPINK,41MozSoPIsD1dJM0CLPjZF
Dave,2TI7qyDE0QfyOlnbtfDo7L
The Strokes,0epOFNiUfyON9EYx7Tpr6V
Jessie J,2gsggkzM5R49q6jpPvazou
Ella Henderson,7nDsS0l5ZAzMedVRKPP8F1
KALEO,7jdFEYD2LTYjfwxOdlVjmc
Isabel LaRosa,5arKwJZEvT5uKq4o0JfqR4
Ñengo Flow,12vb80Km0Ew53ABfJOepVz
T-Pain,3aQeKQSyrW4qWr35idm0cy
Evanescence,5nGIFgo0shDenQYSE0Sn7c
Kehlani,0cGUm45nv7Z6M6qdXYQGTX
Asees Kaur,1sVmXkzX2ukc6QvasrDBES
Armin van Buuren,0SfsnGyD8FpIN4U4WCkBZ5
Jonita Gandhi,00sCATpEvwH48ays7PlQFU
Madison Beer,2kRfqPViCqYdSGhYSM9R0Q
Burna Boy,3wcj11K77LjEY1PkEazffa
Chase Atlantic,7cYEt1pqMgXJdq00hAwVpT
Gigi D'Agostino,1OAjDaKgg00KCUYqDe68un
Milky Chance,1hzfo8twXdOegF3xireCYs
Limp Bizkit,165ZgPlLkK7bf5bDoFc6Sb
W&W,3rWZHrfrsPBxVy692yAIxF
HUGEL,5PlfkPxwCpRRWQJBxCa0By
Neeti Mohan,3ZxZ03fj3tXBZHZWzvaLSM
Eyedress,3XxNRirzbjfLdDli06zMaB
Anu Malik,71hjb5G92mGoKRSAW3Cj00
Ricky Martin,7slfeZO9LsJbWgpkIoXBUJ
Weezer,3jOstUTkEu2JkjvRdBA5Gu
Black Sabbath,5M52tdBnJaKSvOpJGz8mfZ
Em Beihold,7o2ZQYM7nTsaVdkXY38UAA
Tulsi Kumar,0T1CMVkqffHlqEk4BcAph1
Tracy Chapman,7oPgCQqMMXEXrNau5vxYZP
Sade,47zz7sob9NUcODy0BTDvKx
Dimitri Vegas,73jBynjsVtofjRpdpRAJGk
Milo j,19HM5j0ULGSmEoRcrSe5x3
The Clash,3RGLhK1IP9jnYFH4BRFJBS
Zedd,2qxJFvFYMEDqd7ui6kSAcq
Rochak Kohli,3dN9MQpjIyNxyeRfz4EDZe
Camila,4nDoRrQiYLoBzwC5BhVJzF
Foreigner,6IRouO5mvvfcyxtPDKMYFN
Sean Kingston,6S0dmVVn4udvppDhZIWxCr
John Newman,34v5MVKeQnIo0CWYMbbrPf
Neha Kakkar,5f4QpKfy7ptCHwTqspnSJI
YoungBoy Never Broke Again,7wlFDEWiM5OoIAt8RSli8b
BigXthaPlug,6qxpnaukVayrQn6ViNvu9I
Bob Dylan,74ASZWbe4lXaubB36ztrGX
Kylie Minogue,4RVnAU35WRWra6OZ3CbbMA
Luan Pereira,5kVgcCdPbeUwxBqWxi2Ktl
Grupo Marca Registrada,1gW6pz5n1aK249L0GvfQCC
Simon & Garfunkel,70cRZdQywnSFp9pnc2WTCE
GIMS,0GOx72r5AAEKRGQFn3xqXK
Jorja Smith,1CoZyIx7UvdxT5c8UkMzHd
Julión Álvarez y su Norteño Banda,1bfl0AU8SqmLkElptOprhC
B Praak,56SjZARoEvag3RoKWIb16j
Ram Sampath,3PpjqSKBer3obW6lDflOBx
TLC,0TImkz4nPqjegtVSMZnMRq
Kunaal Vermaa,52XgeWw24o4klNdfwvB0Vx
Aretha Franklin,7nwUJBm0HE4ZxD3f5cy5ok
D-Block Europe,5VadK1havLhK1OpKYsXv9y
Kungs,7keGfmQR4X5w0two1xKZ7d
Alec Benjamin,5IH6FPUwQTxPSXurCrcIov
Alessia Cara,2wUjUUtkb5lvLKcGKsKqsR
Javed Ali,4W91bbPB2CTSsHwt7eqNl7
Amit Trivedi,7HCqGPJcQTyGJ2yqntbuyr
blackbear,2cFrymmkijnjDg9SS92EPM
Raffaella Carrà,6EVyI0S0b1Ld2nm37m5x85
Alejandro Fernández,6sq1yF0OZEWA4xoXVKW1L9
Little Mix,3e7awlrlDSwF3iM0WBjGMp
Ms. Lauryn Hill,2Mu5NfyYm8n5iTomuKAEHl
Shania Twain,5e4Dhzv426EvQe3aDb64jL
Jason Mraz,4phGZZrJZRo4ElhRtViYdl
Armaan Malik,4IKVDbCSBTxBeAsMKjAuTs
Ice Cube,3Mcii5XWf6E0lrY3Uky4cA
Morat,5C4PDR4LnhZTbVnKWXuDKD
Piso 21,4bw2Am3p9ji3mYsXNXtQcd
girl in red,3uwAm6vQy7kWPS2bciKWx9
KHEA,4m6ubhNsdwF4psNf3R8kwR
Tove Lo,4NHQUGzhtTLFvgF5SZesLK
Depeche Mode,762310PdDnwsDxAQxzQkfX
Muse,12Chz98pHFMPJEknJQMWvI
Tony Dize,3LKXWvXFWrkwUzJWxzwVpW
Sexyy Red,3DbwFQlvLxRSi2uX8mf81A
Gucci Mane,13y7CgLHjMVRMDqxdx0Xdo
Melanie Martinez,63yrD80RY3RNEM2YDpUpO8
benny blanco,5CiGnKThu5ctn9pBxv7DGa
Gesaffelstein,3hteYQFiMFbJY7wS0xDymP
Sachet Tandon,6WOdPJmexxFINcKMkP2jMG
Tones And I,2NjfBq1NflQcKSeiDooVjY
Joel Corry,6DgP9otnZw5z6daOntINxp
Boney M.,54R6Y0I7jGUCveDTtI21nb
Bryant Myers,6w9ToX5slZ4uIdmD17hJ3c
Jeremih,3KV3p5EY4AvKxOlhGHORLg
Henrique & Juliano,3p7PcrEHaaKLJnPUGOtRlT
Dalex,0KPX4Ucy9dk82uj4GpKesn
LUDMILLA,3CDoRporvSjdzTrm99a3gi
Lukas Graham,25u4wHJWxCA9vO0CzxAbK7
Los Enanitos Verdes,4TK1gDgb7QKoPFlzRrBRgR
Rudimental,4WN5naL3ofxrVBgFpguzKo
Michael Bublé,1GxkXlMwML1oSg5eLPiAz3
Steve Aoki,77AiFEVeAVj2ORpC85QVJs
Purple Disco Machine,2WBJQGf1bT1kxuoqziH5g4
Jack Johnson,3GBPw9NK25X1Wt2OUvOwY3
Bring Me The Horizon,1Ffb6ejR6Fe5IamqA5oRUF
DJ Nelson,2ydZrTy8U3kOMOzx20s3dg
SAIKO,2O8vbr4RYPpk6MRA4fio7u
Blake Shelton,1UTPBmNbXNTittyMJrNkvw
Manan Bhardwaj,3pQ4aA7dkolyjUAMrVScgh
Rahat Fateh Ali Khan,3OLGltG8UPIea8sA4w0yg0
Passenger,0gadJ2b9A4SKsB1RFkBb66
Christina Perri,7H55rcKCfwqkyDFH9wpKM6
Kapo,3UTF2no3muGdiFXVujl94i
MC Kevin o Chris,2UMj7NCbuqy1yUZmiSYGjJ
24kGoldn,6fWVd57NKTalqvmjRd2t8Z
Destiny's Child,1Y8cdNmUJH7yBTd9yOvr5i
Santana,6GI52t8N5F02MxU0g5U69P
Jasleen Royal,74OaRjmyh0XyRZsQQQ5l7c
Laufey,7gW0r5CkdEUMm42w9XpyZO
Russ,1z7b1Pr1rSlvWRzsW3HOrS
Jaxomy,1c3uso4iIeeX3P0bhKaQDq
Kumaar,0m3D4grap8VFSzbJMqgNVk
MAGIC!,0DxeaLnv6SyYk2DOqkLO8c
Darell,1TtXnWcUs0FCkaZDPGYHdf
KISS,07XSN3sPlIlB2L2XNcTwJw
Zendaya,6sCbFbEjbYepqswM1vWjjs
Electric Light Orchestra,7jefIIksOi1EazgRTfW2Pk
NATTI NATASHA,1GDbiv3spRmZ1XdM1jQbT7
Jax Jones,4Q6nIcaBED8qUel8bBx6Cr
Bakermat,3MyFDtqB80WZvbtCZRsekM
NF,6fOMl44jA4Sp5b9PpYCkzz
Paul McCartney,4STHEaNw4mPZ2tzheohgXB
Slipknot,05fG473iIaoy82BF1aGhL8
Hariharan,2NoJ7NuNs9nyj8Thoh1kbu
Agatino Romero,124jbwgd8Hh6LW7jAqTa8r
Yo Yo Honey Singh,7uIbLdzzSEqnX0Pkrb56cR
Lata Mangeshkar,61JrslREXq98hurYL2hYoc
Manoj Muntashir,4cAERazLlAzVGA10ORWaUP
Otis Redding,60df5JBRRPcnSpsIMxxwQm
Survivor,26bcq2nyj5GB7uRr558iQg
Lyanno,1Ts9of7VPZElwPQnqnDSfW
Brray,1GKIlPFdcewHtpDVCQ8zmJ
Wham!,5lpH0xAS4fVfLkACg9DAuM
Pearl Jam,1w5Kfo2jwwIPruYS2UWh56
Paulo Londra,3vQ0GE3mI0dAaxIMYe5g7z
Imanbek,5rGrDvrLOV2VV8SCFVGWlj
Calle 24,6dLuQ5qXxIuWc5urxfIiZR
Nio Garcia,5hdhHgpxyniooUiQVaPxQ0
Lil Tjay,6jGMq4yGs7aQzuGsMgVgZR
Salim–Sulaiman,6ohaQzKaXrobAL8paLSaxq
Pablo Alborán,5M9Bb4adKAgrOFOhc05Y50
Scorpions,27T030eWyCQRmDyuvr1kxY
Tito Double P,5eumcnUkdmGvkvcsx1WFNG
Yng Lvcas,1NNRWkhwmcXRimFYSBpB1y
Like Mike,73jBynjsVtofjRpdpRAJGk
The 1975,3mIj9lX2MWuHmhNCA7LSCW
Rag'n'Bone Man,4f9iBmdUOhQWeP7dcAn1pf
Niall Horan,1Hsdzj7Dlq2I7tHP7501T4
Devi Sri Prasad,5sSzCxHtgL82pYDvx2QyEU
Benny Dayal,61if35zz1W11GejEkxTLEQ
cassö,5wCmhq5J2hPwL2r0eKurxn
Bradley Cooper,4VIvfOurcf0vuLRxLkGnIG
Jatin-Lalit,4YgUVg4p7xtMOrOS4GjiJZ
Mustard,0YinUQ50QDB7ZxSCLyQ40k
Morad,4az97MtWmBQ5Db3GfDh9j9
Zé Neto & Cristiano,487N2T9nIPEHrlTZLL3SQs
DJ Luian,64aJYyrXljOodnUG6jvhRD
iann dior,6ASri4ePR7RlsvIQgWPJpS
Papa Roach,4RddZ3iHvSpGV4dvATac9X
Galantis,4sTQVOfp9vEMCemLw50sbu
Seeb,5iNrZmtVMtYev5M9yoWpEq
MC PH,4PLdCloYxu2bMKfuuB9lI5
Mambo Kingz,2T1aUibqR2QC2sINIDQOAK
Flo Milli,08PvCOlef4xdOr20jFSTPd
Taio Cruz,6MF9fzBmfXghAz953czmBC
Nicky Youre,7qmpXeNz2ojlMl2EEfkeLs
ERNEST,4GGfAshSkqoxpZdoaHm7ky
Jungle,59oA5WbbQvomJz2BuRG071
Joan Sebastian,7FsRH5bw8iWpSbMX1G7xf1
Lenny Kravitz,5gznATMVO85ZcLTkE9ULU7
Gusttavo Lima,7MiDcPa6UiV3In7lIM71IN
Chance Peña,4lhUHpVOXmkEBGGHV71QCh
Tyler Childers,13ZEDW6vyBF12HYcZRr4EV
Kenia OS,31VFEohvhOUKrtAONEBhMG
Eden Muñoz,1gJdf4Yybu4X5A2xYV3NMV
Men At Work,0f3EsoviYnRKTkmayI3cux
SYML,6AyATGg7mDgBlZ4N5uNog0
AURORA,1WgXqy2Dd70QQOU7Ay074N
M83,63MQldklfxkjYDoUE4Tppz
La Bouche,488v7rQzthLNK22r0UvMie
Fergie,3r17AfJCCUqC9Lf0OAc73G
The Game,0NbfKEOTQCcwd6o7wSDOHI
Kenya Grace,7uMDnSZyUYNBPLhPMNuaM2
Zion,21451j1KhjAiaYKflxBjr1
Montell Fish,5nvWOyAkfNgVLKESq4fOj2
Irshad Kamil,3GdSQUH1BRtl9UrrtuwJlP
The Beach Boys,3oDbviiivRWhXwIE8hxkVV
INNA,2w9zwq3AktTeYYMuhMjju8
Bonnie Tyler,0SD4eZCN4Kr0wQk56hCdh2
Sukhwinder Singh,19MVxKZZdPj2X0F8pi0OCT
X Ambassadors,3NPpFNZtSTHheNBaWC82rB
Key Glock,0RESbWvOMyua0yuyVrztJ5
Leon Bridges,3qnGvpP8Yth1AqSBMqON5x
Jhené Aiko,5ZS223C6JyBfXasXxrRqOk
Van Halen,2cnMpRsOVqtPMfq7YiFE6K
Big One,2OhUNb01gLwygOizYvTm0e
Matheus & Kauan,2Z0lRIqr997lIUiPtrpKCr
Bomba Estéreo,5n9bMYfz9qss2VOW89EVs2
Luan Santana,3qvcCP2J0fWi0m0uQDUf6r
dazy,2pe1uLYghU4lj6Fe6qq8k6
Noriel,3RtNN1VnooWEn3KQk03DUL
Rvfv,2CCgb0KApjfQDuTppovpf8
Beach House,56ZTgzPBDge0OvCGgMO3OY
Spice Girls,0uq5PttqEjj3IH1bzwcrXF
Lewis Somes,6U574RAq08wVaurzSaqEY3
Gym Class Heroes,4IJczjB0fJ04gs4uvP0Fli
The Mamas & The Papas,1bs7HoMkSyQwcobCpE9KpN
Alejandro Sanz,5sUrlPAHlS9NEirDB8SEbF
Three Days Grace,2xiIXseIJcq3nG7C8fHeBj
Rex Orange County,7pbDxGE6nQSZVfiFdq9lOL
Alfredo Olivas,5xYNmNkaWRqu3e5F4UXME8
Johnny Cash,6kACVPfCOnqzgfEF5ryl0x
6LACK,4IVAbR2w4JJNJDDRFP3E83
Gustavo Mioto,1X6ORK7IekgmyjV6IFPszP
S. P. Balasubrahmanyam,2ae6PxICSOZHvjqiCcgon8
James Bay,4EzkuveR9pLvDVFNx6foYD
Meek Mill,20sxb77xiYeusSH8cVdatc
Luísa Sonza,4PzYKhC14sTJNEr0dzoo0d
Roxette,2SHhfs4BiDxGQ3oxqf0UHY
Mc Don Juan,7Lmrb6KcIzfkmgbtokjsAL
Rammstein,6wWVKhxIU2cEi0K81v7HvP
Shubh,5r3wPya2PpeTTsXsGhQU8O
Rick Ross,1sBkRIssrMs1AbVkOJbc7a
GloRilla,2qoQgPAilErOKCwE2Y8wOG
The Doors,22WZ7M8sxp5THdruNY3gXt
Wisin,1wZtkThiXbVNtj6hee6dz9
Marília Mendonça,1yR65psqiazQpeM79CcGh8
Modern Talking,79bxUQsBIXO8nVLB9fYKf7
Bakar,3K2Srho6NCF3o9MswGR76H
Tammi Terrell,75jNCko3SnEMI5gwGqrbb8
KayBlack,2h5Ha0ZiMFmOQD3iYcSXsy
Hans Zimmer,0YC192cP3KPCRWx8zr8MfZ
Eric Clapton,6PAt558ZEZl0DmdXlnjMgD
Sajid-Wajid,3qdu3XhzSzkRhbwdFKnSuw
OMI,5MouCg6ta7zAxsfMEbc1uh
Sophie Ellis-Bextor,2cBh5lVMg222FFuRU7EfDE
Jorge & Mateus,2kdmTOXncgNHSuYVMhdd5I
Jessie Murph,2yLzlEFtIS0Q9UkyBZdQA7
3 Doors Down,2RTUTCvo6onsAnheUk3aL9
Brytiago,00XhexlJEXQstHimpZN910
Maren Morris,6WY7D3jk8zTrHtmkqqo5GI
Kate Bush,1aSxMhuvixZ8h9dK9jIDwL
The Fray,0zOcE3mg9nS6l3yxt1Y0bK
Rosa Linn,46xBNx0j6cwY6sD9LgMTm1
The Black Keys,7mnBLXK823vNxN3UWB7Gfz
Vicente Fernández,4PPoI9LuYeFX8V674Z1R6l
Beach Weather,7I3bkknknQkIiatWiupQgD
K. S. Chithra,2IUtwMti1OiT3lkW6RubgH
Moneybagg Yo,3tJoFztHeIJkJWMrx0td2f
Lizzo,56oDRnqbIiwx4mymNEv7dS
Guilherme & Benuto,46NHIGaIM5YNY9Wu1kIqvP
Ke Personajes,06Q5VlSAku57lFzyME3HrM
NAV,7rkW85dBwwrJtlHRDkJDAC
Seu Jorge,0i1s9WcIu0PrUvHzALgofo
Redbone,0w7HLMvZOHatWVbAKee1zF
Ángela Aguilar,3abT87tqQ4Q5PA5nw6CYyH
Stromae,5j4HeCoUlzhfWtjAfM1acR
WILLOW,3rWZHrfrsPBxVy692yAIxF
The Smashing Pumpkins,40Yq4vzPs9VNUrIBG5Jr2i
Chief Keef,15iVAtD3s3FsQR4w1v6M0P
Mc Daniel,6YzSM19LzpLH0nVKKU6Jsy
Stray Kids,2dIgFjalVxs4ThymZ67YCE
Ben E. King,3plJVWt88EqjvtuB4ZDRV3
Jaideep Sahni,5kPOMQZvgkAEnRZqwn9SYQ
Sublime,0EdvGhlC1FkGItLOWQzG4J
Jesse & Joy,366xgdzfRGQoiDRGidGlDJ
Shaan,5cB4d4jPYjMT326sjihQ4m
Arcane,57nPqD7z62gDdq37US9XJR
Regard,4ofCBoyEiGSePFAG500xev
Jess Glynne,4ScCswdRlyA23odg9thgIO
Roop Kumar Rathod,03SZmfKAgYRQKUwy0EoJUa
Divya Kumar,0NErdIJtuKBjtxKmlqaWdj
The Cardigans,1tqZaCwM57UFKjWoYwMLrw
Jeet Gannguli,2kkQthS9OLpK4UqNWYqoVl
Robbie Williams,2HcwFjNelS49kFbfvMxQYw
Los Tigres Del Norte,3hYtANQYrE6pd2PbtEyTIy
Rae Sremmurd,7iZtZyCzp3LItcw1wtPI3D
Tokischa,2p4aN0Uxkk3iT3HK0cJ2cJ
Sting,0Ty63ceoRnnJKVEYP0VQpk
Louis Armstrong,19eLuQmk9aCobbVDHc6eek
Blondie,4tpUmLEVLCGFr93o8hFFIB
Zac Brown Band,6yJCxee7QumYr820xdIsjo
Manu Chao,6wH6iStAh4KIaWfuhf0NYM
Tom Petty,2UZMlIwnkgAEDBsw1Rejkn
Silk Sonic,6PvvGcCY2XtUcSRld1Wilr
Oliver Tree,6TLwD7HPWuiOzvXEa3oCNe
No Doubt,0cQbJU1aAzvbEmTuljWLlF
$uicideboy$,1VPmR4DJC1PlOtd0IADAO0
Capital Cities,4gwpcMTbLWtBUlOijbVpuu
Kany García,69UypehHabb68utzfjAVlV
Jowell & Randy,4IMAo2UQchVFyPH24PAjUs
Sam Feldt,20gsENnposVs2I4rQ5kvrf
Marc Anthony,4wLXwxDeWQ8mtUIRPxGiD6
Lunay,47MpMsUfWtgyIIBEFOr4FE
Shekhar Ravjiani,4xd7mLI7urqrxELaXhAvzw
Alvaro Diaz,5J7rXWjtn5HzUkJ4Jet8Fr
Omah Lay,5yOvAmpIR7hVxiS6Ls5DPO
Bazzi,4GvEc3ANtPPjt1ZJllr5Zl
New West,69bG9tC62d8oTFC9aTTosn
Belinda,5LeiVcEnsZcwc133TUhJNW
Prashant Pandey,7vCsTTACb2iT4fvBMnwp5w
NIKI,2kxP07DLgs4xlWz8YHlvfh
ZZ Top,2AM4ilv6UzW0uMRuqKtDgN
Mc IG,2q9wk5fkeU2C9CgCKdh4AN
The Temptations,3RwQ26hR2tJtA8F9p2n7jG
Juan Luis Guerra 4.40,3nlpTZci9O5W8RsNoNH559
Lainey Wilson,6tPHARSq45lQ8BSALCfkFC
Deftones,6Ghvu1VvMGScGpOUJBAHNH
Matt Sassari,21dVknSLCsK37cWozWDZZS
Thomas Rhett,6x2LnllRG5uGarZMsD4iO8
Lionel Richie,3gMaNLQm7D9MornNILzdSl
James Hype,43BxCL6t4c73BQnIJtry5v
Yuvan Shankar Raja,6AiX12wXdXFoGJ2vk8zBjy
Timmy Trumpet,0CbeG1224FS58EUx4tPevZ
Flume,6nxWCVXbOlEVRexSbLsTer
Tim McGraw,6roFdX1y5BYSbp60OTJWMd
Mahalini,3wOsYKZM0zcKNasi3I7fP4
Calibre 50,4jogXSSvlyMkODGSZ2wc2P
Jimmy Eat World,3Ayl7mCk0nScecqOzvNp6s
Kansas,2hl0xAkS2AIRAu23TVMBG1
Murilo Huff,3hq7WoPJsrRP0KMSLhUgRz
A$AP Ferg,5dHt1vcEm9qb8fCyLcB3HL
Peggy Gou,2mLA48B366zkELXYx7hcDN
The Pussycat Dolls,6wPhSqRtPu1UhRCDX5yaDJ
Chicago,3iDD7bnsjL9J4fO298r0L0
Normani,2cWZOOzeOm4WmBJRnD5R7I
James Blunt,7KMqksf0UMdyA0UCf4R3ux
Norma Jean Martine,2fsk4VlJdNF6G8cCMDrrzB
Hombres G,60uh2KYYSCqAgJNxcU4DA0
Dhruv,70NcAr4ZtA3FAqU16iQZSb
Parampara Tandon,1E6arsXf5Fgsnv9YpSzjpE
MNEK,7uMh23xWiuR7zsNkuNcm2G
Billy Idol,7lzordPuZEXxwt9aoVZYmG
Nikhita Gandhi,3tPQOjkxO3mrYrrgkTeXgH
LXNGVX,5IpS1TN1Crp8Ym4zjiIrtK
Soulja Boy,6GMYJwaziB4ekv1Y6wCDWS
Yuridia,5B8ApeENp4bE4EE3LI8jK2
Lin-Manuel Miranda,4aXXDj9aZnlshx7mzj3W1N
Dynoro,3v6Ji4uoWtKRkhuDUaxi9n
Natalia Lafourcade,1hcdI2N1023RvSwLzTtdsp
Korn,3RNrq3jvMZxD9ZyoOZbQOD
Cults,3Oim8XBPbznAa8Jj8QzNc8
ILLIT,36cgvBn0aadzOijnjjwqMN
Aitana,7eLcDZDYHXZCebtQmVFL25
Chris Lake,5Igpc9iLZ3YGtKeYfSrrOE
Los Tucanes De Tijuana,014WIDx7H4BRCHB1faiisK
Sleepy Hallow,6EPlBSH2RSiettczlz7ihV
aespa,6YVMFz59CuY7ngCxTxjpxE
Simone Mendes,2eK9gcJQ6uqVvJL63dnOM3
Mario,20s0P9QLxGqKuCsGwFsp7w
Jasiel Nuñez,0T8Ix53aIN4F7aEKj4EnKy
Will Smith,41qil2VaGbD194gaEcmmyx
BENNETT,1r43wW70tnGUauQYvY5w48
Cher,72OaDtakiy6yFqkt4TsiFt
Buffalo Springfield,3eskO5m0H4yiF64vRySBjr
DENNIS,6xlRSRMLgZbsSNd0BMobwy
Mon Laferte,4boI7bJtmB1L3b1cuL75Zr
Avenged Sevenfold,0nmQIMXWTXfhgOBdNzhGOs
Kumar Sanu,4K6blSRoklNdpw4mzLxwfn
Bailey Zimmerman,3win9vGIxFfBRag9S63wwf
Portugal. The Man,4kI8Ie27vjvonwaB2ePh8T
Ciara,2NdeV5rLm47xAvogXrYhJX
Busta Rhymes,1YfEcTuGvBQ8xSD1f53UnK
John Martin,2auikkNYqigWStoHWK1Grq
Asake,3a1tBryiczPAZpgoZN9Rzg
Bad Gyal,4F4pp8NUW08JuXwnoxglpN
Sofiya Nzau,5Y2FS5YbGf7yRDumzD5nY3
Patrick Watson,7bPs6jf983f0bjRAt1yxDM
LE SSERAFIM,4SpbR6yFEvexJuaBpgAU5p
HARDY,5QNm7E7RU2m64l6Gliu8Oy
Sid Sriram,7qjJw7ZM2ekDSahLXPjIlN
Alex Warren,0fTSzq9jAh4c36UVb4V7CB
Oliver Heldens,5nki7yRhxgM509M5ADlN1p
Mary J. Blige,1XkoF8ryArs86LZvFOkbyr
Father John Misty,2kGBy2WHvF0VdZyqiVCkDT
Mari Fernandez,0BHm7qbh3ENxvXzkQAG7MP
Jordan Davis,77kULmXAQ6vWer7IIHdGzI
Blur,7MhMgCo0Bl0Kukl93PZbYS
DNCE,6T5tfhQCknKG4UnH90qGnz
6ix9ine,7gZfnEnfiaHzxARJ2LeXrf
Tina Turner,1zuJe6b1roixEKMOtyrEak
Sadhana Sargam,1HGMG8RHvcu1mfdM9MeTek
Indila,0FEJqmeLRzsXj8hgcZaAyB
Edgardo Nuñez,0mA4dkNGiN4fqTBi2SLlAv
H.E.R.,3Y7RZ31TRPVadSFVy1o8os
Prince,5a2EaR3hamoenG9rDuVn8j
Aya Nakamura,7IlRNXHjoOCgEAWN5qYksg
Palak Muchhal,3yMmYEklQ7gLOZXEFNd3xr
Rita Ora,5CCwRZC6euC8Odo6y9X8jr
Smash Mouth,2iEvnFsWxR0Syqu2JNopAd
Disciples,5EehXjjMktLuJmbRsM7YfB
Omar Montes,3lY9Fxceu60W1rbon7PkuF
Luke Bryan,0BvkDsjIUla7X0k6CSWh1I
Rod Stewart,2y8Jo9CKhJvtfeKOsYzRdT
Cosculluela,00me4Ke1LsvMxt5kydlMyU
Lykke Li,6oBm8HB0yfrIc9IHbxs6in
will.i.am,085pc2PYOi8bGKj0PNjekA
Karthik,0LSPREIgGMZXCuKVel7LVD
Kailash Kher,4oVMLzAqW6qhRpZWt8fNw4
Marco Antonio Solís,3tJnB0s6c3oXPq1SCCavnd
L7NNON,0JjPiLQNgAFaEkwoy56B1C
Taiu,5szJHKg5xeUlQ9pTqzdpic
Roy Orbison,0JDkhL4rjiPNEp92jAgJnS
Ink,4ZhFCxPekpmV12n2xMeF2z
Icona Pop,1VBflYyxBhnDc9uVib98rw
Sin Bandera,7xeM7V59cA1X8GKyKKQV87
Sachet-Parampara,1SyKki7JI1AZNKwgNMkn25
Sixpence None The Richer,0lJlKQvuM2Sd9DPPyUXcHg
Zac Efron,6U1dBXJhC8gXFjamvFTmHg
Lyodra,6Sv2jkzH9sWQjwghW5ArMG
Jarabe De Palo,5B6H1Dq77AV1LZWrbNsuH5
Florida Georgia Line,3b8QkneNDz4JHKKKlLgYZg
WIU,3MrDVzg7ZXaYMyQmbDInr7
Imogen Heap,6Xb4ezwoAQC4516kI89nWz
Mc Delux,3l4fsEzoeabsET7ddv0lZW
Haddaway,0Suv0tRrNrUlRzAy8aXjma
Boza,2NfSBtmWe7oPw1EmetJVso
John Summit,7kNqXtgeIwFtelmRjWv205
Edward Maya,6XwwFnewNgWp81MYMK8zLq
Snow Patrol,3rIZMv9rysU7JkLzEaC5Jp
The Marías,2sSGPbdZJkaSE2AbcGOACx
FAST BOY,56Qz2XwGj7FxnNKrfkWjnb
Soft Cell,6aq8T2RcspxVOGgMrTzjWc
Counting Crows,0vEsuISMWAKNctLlUAhSZC
bbno$,41X1TR6hrK8Q2ZCpp2EqCz
Harris Jayaraj,29aw5YCdIw2FEXYyAJZI8l
Haze,3jGD4w2GGXqgHhBugBa4bz
Dan + Shay,7z5WFjZAIYejWy0NI5lv4T
Maiara & Maraisa,59jlthNnbmim5l9tmNA7se
Santa Fe Klan,4tm8CEdm4pkQsEh4jIr9Yp
Lithe,7LVC96BEVGugTAp38AajV6
Thundercat,4frXpPxQQZwbCu3eTGnZEw
Lomiiel,2rMFPjySMqkgBajkLKL6zo
La Adictiva,49EE6lVLgU8sp7dFgPshgM
Riley Green,2QMsj4XJ7ne2hojxt6v5eb
Selena Gomez & The Scene,0C8ZW7ezQVs4URX5aX7Kqx
Luck Ra,4kcQWQDK0u9AftVSpdrAgk
Juicy Luicy,3tMTXQyRrPmMyHv5SoC0TV
Kausar Munir,3GBSge8pq7mpezUQl0GAOA
Iyaz,5tKXB9uuebKE34yowVaU3C
AP Dhillon,6LEG9Ld1aLImEFEVHdWNSB
Carla Morrison,0XK6kT7xcZAlcYrNjOgzJe
Phoebe Bridgers,1r1uxoy19fzMxunt3ONAkG
Stormzy,2SrSdSvpminqmStGELCSNd
Birdy,2WX2uTcsvV5OnS0inACecP
DMX,1HwM5zlC5qNWhJtM00yXzG
Riton,7i9j813KFoSBMldGqlh2Z1
Rivo,2NrprO4CludRmaWtpqud10
The Doobie Brothers,39T6qqI0jDtSWWioX8eGJz
Juan Gabriel,2MRBDr0crHWE5JwPceFncq
The Verve,2cGwlqi3k18jFpUyTrsR84
America,35U9lQaRWSQISxQAB94Meo
Nate Smith,4NYMUsIcUUsBHbV9DICa5x
Masego,3ycxRkcZ67ALN3GQJ57Vig
Ajay-Atul,5fvTHKKzW44A9867nPDocM
Soda Stereo,7An4yvF7hDYDolN4m5zKBp
La Arrolladora Banda El Limón De Rene Camacho,5bSfBBCxY8QAk4Pifveisz
Aqua,24wZhe5S2ElzaYdULrJPhV
Dhvani Bhanushali,1OPqAyxsQc8mcRmoNBAnVk
DJ TOPO,0xj9MJx9r0wO2o4aqdergP
Duran Duran,0lZoBs4Pzo7R89JM9lxwoT
John Lennon,4x1nvY2FN8jxqAFA0DA02H
The Temper Trap,4W48hZAnAHVOC2c8WH8pcq
fun.,5nCi3BB41mBaMH9gfr6Su0
Dove Cameron,2W8yFh0Ga6Yf3jiayVxwkE
Carrie Underwood,4xFUf1FHVy696Q1JQZMTRj
YG,0A0FS04o6zMoto8OKPsDwY
Lauana Prado,6TYimByryGphZCtwYopH0y
Owl City,07QEuhtrNmmZ0zEcqE9SF6
MC G15,3Nipsl6GVwwGyeAk0J29C6
Surf Curse,1gl0S9pS0Zw0qfa14rDD3D
Suki Waterhouse,5GGJosGMs08YEmKTZJe1fL
Sky Rompiendo,51XrH5fQP2oIQynuKxSWcW
Ace of Base,5ksRONqssB7BR161NTtJAm
Ella Eyre,66TrUkUZ3RM29dqeDQRgyA
Fitz and The Tantrums,4AcHt3JxKy59IX7JNNlZn4
Selena,6IE6z7DcZIT4Ml3Fh5Ivch
Old Dominion,6y8XlgIV8BLlIg1tT1R10i
Mumford & Sons,3gd8FJtBJtkRxdfbTu19U2
Rage Against The Machine,2d0hyoQ5ynDBnkvAbJKORj
070 Shake,12Zk1DFhCbHY6v3xep2ZjI
José José,4mN0qcMxWX8oToqfDPM5yV
Jim Croce,1R6Hx1tJ2VOUyodEpC12xM
NATTAN,1SXhEXzOTF7YeuQX59m7pT
Brooks & Dunn,0XKOBt59crntr7HQXXO8Yz
Vansire,6ft7JnxMyZhp7N52qzHymY
Tego Calderón,3SUT1jjM5hzZj9TLfLZGIP
Goodboys,2nm38smINjms1LtczR0Cei
(G)I-DLE,2AfmfGFbe0A0WsTYm0SDTx
R. D. Burman,2JSYASbWU5Y0fVpts3Eq7g
C. Tangana,5TYxZTjIPqKM8K8NuP9woO
Vacations,0U7iI0Dk4Ojvi17nZboNO4
Kenny Loggins,3Y3xIwWyq5wnNHPp5gPjOW
Fifth Harmony,1l8Fu6IkuTP0U5QetQJ5Xt
Mc Leozin,6mKwmTMzDrye9elc8JWiw3
Sal Priadi,1NjxFrpEGZTV2Ny0OJxeWu
Bernadya,47z98pKd71yIbgXwe9LPVC
Ashe,6P5NO5hzJbuOqSdyPB7SJM
El Fantasma,0my6Pg4I28dVcZLSpAkqhv
Starship,0kObWap02DEg9EAJ3PBxzf
Dilsinho,4NUePmzDvCYqilXBFa91Hg
MARINA,6CwfuxIqcltXDGjfZsMd9A
Supertramp,3JsMj0DEzyWc0VDlHuy9Bx
Abhijeet,2ZRrPOjBIWoKK5rHedLijj
Mc Livinho,7me0S5Z40qVWj3gzyK8aC3
Eric Church,2IvkS5MXK0vPGnwyJsrEyV
Ray Charles,1eYhYunlNJlDoQhtYBvPsi
The Blessed Madonna,4TvhRzxIL1le2PWCeUqxQw
King,6QtgPSJPSzcnn7dPZ4VINp
UB40,69MEO1AADKg1IZrq2XLzo5
Los Dareyes De La Sierra,1ZMJSCQw8DIefcLb1FIpY0
T.I.,4OBJLual30L7gRl5UkeRcT
Kenny Rogers,4tw2Lmn9tTPUv7Gy7mVPI4
Whethan,0vqJkZ0RpLZixt3lTmD8vP
Kavita Krishnamurthy,6WPmTGeeoymoVlXVtsCwz7
Ana Gabriel,41ESHLayJ5sDKjAOv6cMhe
Pixies,6zvul52xwTWzilBZl6BUbT
Matheus Fernandes,37mqXU98U5GmH5ZDtlHM1c
Shashaa Tirupati,12CpR4SNDzVIlDoPSeNFeW
Sum 41,0qT79UgT5tY4yudH9VfsdT
Ozzy Osbourne,6ZLTlhejhndI4Rh53vYhrY
Norah Jones,2Kx7MNY7cI1ENniW7vT30N
Olivia Newton-John,4BoRxUdrcgbbq1rxJvvhg9
Diddy,59wfkuBoNyhDMQGCljbUbA
Yusuf / Cat Stevens,08F3Y3SctIlsOEmKd6dnH8
Asha Bhosle,5as8A4G47Ohu9NSWs3Je8U
Rascal Flatts,0a1gHP0HAqALbEyxaD5Ngn
Vintage Culture,28uJnu5EsrGml2tBd7y8ts
Altamash Faridi,38IHJBGBuaYXHEkIQd4DtF
Santhosh Narayanan,5FVBduYaeVBb6JIghza7v6
Skillet,49bzE5vRBRIota4qeHtQM8
iZaak,4s6Xg38sbqh4xpf4OqhVUK
Wallows,0NIPkIjTV8mB795yEIiPYL
Saweetie,6cK3NBO6uP7hh0oyuVELFl
Nanpa Básico,1cUpGtXcSQsovNYEZOQgOG
YNW Melly,1cNDP5yjU5vjeR8qMf4grg
Mahalakshmi Iyer,0Yb0T3wUUNiIvHjqnfkbuH
Connor Price,5zixe6AbgXPqt4c1uSl94L
Tulus,2iDVt6mFbtbDEZG5ax0dTi
Dermot Kennedy,5KNNVgR6LBIABRIomyCwKJ
Eternxlkz,3Xd2WSaNywx5gn1pgRPFjF
MC Cabelinho,1WQBwwssN6r8DSjUlkyUGW
2 Chainz,17lzZA2AlOHwCwFALHttmp
Andy Grammer,2oX42qP5ineK3hrhBECLmj
Natalie Imbruglia,0dlOr0VIysztGWvU1dpjmP
YOVNGCHIMI,4aSlfXDn9R60UlbZEboBUy
LIT killah,1vqR17Iv8VFdzure1TAXEq
ScHoolboy Q,5IcR3N7QB1j6KBL8eImZ8m
DYSTINCT,1cKyknhftNKXCjMBd2hDrG
Payal Dev,6FtZhorjCMfkaVJ7kKdmq7
Mr. Belt & Wezol,19VDJ9IKyBSUMDJxLsasP6
Luar La L,4axKuDPr6WKcDCyh8vueTY
J Abdiel,17SY5q1CMOZJBRuPcKWwPI
John Denver,7EK1bQADBoqbYXnT4Cqv9w
Dj GM,03PnQHlbH5nDDVX3hNg628
Franco De Vita,4NEYQeEYBUjfaXgDQGvFvu
James Blake,53KwLdlmrlCelAZMaLVZqU
Logic,4xRYI6VqpkE3UwrDrAZL8L
Tiara Andini,0kPb52ySN2k9P6wEZPTUzm
Raghav Chaitanya,3qpyErDI4i90q5EGgSRmNK
Hugo & Guilherme,52hmJl1RBzqc5H0SxvpDZe
Raj Shekhar,2DFCHTDIA0t638a4mm37dK
Murillo e LT no Beat,0KcbRunfjZHfwEnEgd1Dy6
alt-J,3XHO7cRUPCLOr6jwp8vsx5
Wizkid,3tVQdUvClmAT7URs9V3rsp
Deorro,6VD4UEUPvtsemqD3mmTqCR
Ha*Ash,5xd2Tg7Zo8755eCy8Gxkp8
фрози,3IIpbS5XHnLSdXTP4c1YN2
DJ FKU,3QMpCp3GHiHXgnX1LldXWe
Etta James,0iOVhN3tnSvgDbcg25JoJb
Declan McKenna,2D4FOOOtWycb3Aw9nY5n3c
Majestic,52lkxAYfC9ypaPJ2EB22ki
Thaman S,2FgHPfRprDaylrSRVf1UlN
MC Hariel,0pcoadNMmvrUyab1RxWBoV
A7S,5Wg2b4Mp42gicxEeDNawf7
ELENA ROSE,0zO8yNnw5GQgutcIyXfGBY
CKay,048LktY5zMnakWq7PTtFrz
Royel Otis,5b5bt4mZQpJMoCRbiQ7diH
Chance the Rapper,1anyVhU62p31KFi8MEzkbf
Creed,43sZBwHjahUvgbx1WNIkIz
Fetty Wap,6PXS4YHDkKvl1wkIl4V8DL
Thalia,23wEWD21D4TPYiJugoXmYb
Loud Luxury,6t1gpxYbY8OlLA7D2RiikQ
Benny Benassi,4Ws2otunReOa6BbwxxpCt6
Filipe Ret,7gJN8W0589FisSYJS17K54
Alan Jackson,4mxWe1mtYIYfP040G38yvS
La Quinta Estacion,7FZj349hdLfD6qzXkJLuAh
Dímelo Flow,3fZk3Gm5dN5v5yfYMQ04Bx
Cazzu,6w3SkAHYPsQ1bxV7VDlG5y
Franz Ferdinand,0XNa1vTidXlvJ2gHSsRi4A
Sidhu Moose Wala,4PULA4EFzYTrxYvOVlwpiQ
Siddharth - Garima,6k6TIai4KyKG1DeIMftSmJ
Yan Block,6TKygPpVT29oGUogu4J9Ec
Cody Johnson,6zLBxLdl60ekBLpawtT63I
SAINt JHN,0H39MdGGX6dbnnQPt6NQkZ
Hoobastank,2MqhkhX4npxDZ62ObR5ELO
Miguel Bosé,7mWCSSOYqm4E9mB7V4ot6S
Lizzy McAlpine,1GmsPCcpKgF9OhlNXjOsbS
Boston,29kkCKKGXheHuoO829FxWK
Gera MX,2hejA1Dkf8v8R0koF44FvW
Mau y Ricky,2wkoKEfS6dXwThbyTnZWFU
Dj Luan Gomes,34kJWuUS4hNN1MkqiIG0dS
Sufjan Stevens,4MXUO7sVCaFgFjoTI5ox5c
Dusty Springfield,5zaXYwewAXedKNCff45U5l
Chimbala,4VVEpEhC8NcR7AqNEds42U
LMFAO,3sgFRtyBnxXD5ESfmbK4dl
Amaarae,21UPYSRWFKwtqvSAnFnSvS
Los Temerarios,3YbOSxo85kla7RID8ugnW3
"Tito ""El Bambino""",5fJsY7afrbsyzJj9wdzJMh
Kordhell,2W6WP4pHQTFlbr2z9S4n54
Veigh,4YqwRbMLqGHRHLS1w2ZKse
Melendi,1EXjXQpDx2pROygh8zvHs4
Adolescent's Orquesta,70nxnxEqDQIEWneRjg2Q4O
Hypaton,5GYaRwCWwhU6SIQrQ5G3b7
Toploader,6xeFne1rkxMhKSW3ipvkdV
Dread Mar I,1aw0Cdl1DIrtUrUA6fGbAR
Guru Randhawa,5rQoBDKFnd1n6BkdbgVaRL
Ikky,3nqS8jzqmsPKFJTp0BOIel
Gerardo Ortiz,4J13m9IZh03PEhoxAxRhXO
Jon Pardi,4MoAOfV4ROWofLG3a3hhBN
Lola Indigo,3bvfu2KAve4lPHrhEFDZna
Willy William,4RSyJzf7ef6Iu2rnLdabNq
Fugees,2WKdxPFRD7IqZvlIAvhMgY
Neeraj Shridhar,3tHD07u1ON4uHxmnT9rwqZ
Jaymes Young,6QrQ7OrISRYIfS5mtacaw2
Loreen,49aaHxvAJ0tCh0F15OnwIl
Brandy,05oH07COxkXKIMt6mIPRee
Pedro Capó,4QVBYiagIaa6ZGSPMbybpy
Kelsea Ballerini,3RqBeV12Tt7A8xH3zBDDUF
Of Monsters and Men,4dwdTW1Lfiq0cM8nBAqIIz
Naeleck,2DYDFBqoaBP2i9XrTGpOgF
Cascada,0N0d3kjwdY2h7UVuTdJGfp
Two Feet,5sWHDYs0csV6RS48xBl0tH
Øneheart,0dgJbQ0bKPyUXco8hEXN7X
LUM!X,0TKFPt9w0AAEnhB9bd0pLy
JC Reyes,0FwnPHExlRRxEZPLAi5tmG
David Bisbal,5gOJTI4TusSENizxhcG7jB
Manim Vaqueiro,2MRXYszuTIaEliCCD22crt
Nas,20qISvAhX20dpIbOOzGK3q
Simple Minds,6hN9F0iuULZYWXppob22Aj
Good Neighbours,52N3KGrTWDRhdQJrgBTofE
Seafret,4Ly0KABsxlx4fNj63zJTrF
King Von,6QtgPSJPSzcnn7dPZ4VINp
MC Cebezinho,5Dz2FizMLqV0Cr3c8uhEcF
Sasha Alex Sloan,4xnihxcoXWK3UqryOSnbw5
ENHYPEN,5t5FqBwTcgKTaWmfEbwQY9
Shouse,2TcGJdSOiOvITBzhvfX8XB
Ankit Tiwari,0E02VcvA5p1ndkLdqWD5JB
The Jackson 5,2iE18Oxc8YSumAU232n4rW
Talking Heads,2x9SpqnPi8rlE9pjHBwmSC
Monica,6nzxy2wXs6tLgzEtqOkEi2
Odetari,7ITMCzIU9uII8gwRg8JAhc
Willie Colón,7x5Slu7yTE5icZjNsc3OzW
Two Door Cinema Club,536BYVgOnRky0xjsPT96zl
Last Child,1v1khTmozNfxB2ET1Ep288
Los Dos Carnales,25UNJbwGZSQKvz5cPLWlv3
RÜFÜS DU SOL,5Pb27ujIyYb33zBqVysBkj
G. V. Prakash,5VVN3xZw1i2qihfITZlvCZ
Heart,34jw2BbxjoYalTp8cJFCPv
BabyTron,0sKsReKseslDlhxmbN6wLk
SOG,18dspUI6gqabm5XCC2RcUD
Libianca,7kjSuFGKhLm8b5qXoMhRkJ
keshi,3pc0bOVB5whxmD50W79wwO
Nadin Amizah,20zafXaLhm5IcXnSU93rNn
Rocío Dúrcal,2uyweLa0mvPZH6eRzDddeB
TWICE,7n2Ycct7Beij7Dj7meI4X0
Rajat Nagpal,4yxICw7joYAxRI2sTRldLB
Rekha Bhardwaj,3cqeO3muWIW5uSmUDNCmyT
MKTO,2l35CQqtYRh3d8ZIiBep4v
MF DOOM,2pAWfrd7WFF3XhVt9GooDL
Creeds,2gW0M5fn2r7Lo4Hn1r8HZ5
Cassie,27FGXRNruFoOdf1vP8dqcH
Simple Plan,2p4FqHnazRucYQHyDCdBrJ
Soolking,0GgY7hjMoGDsX8ZDe2mwds
Andrés Calamaro,3tAICgiSR5PfYY4B8qsoAU
La Joaqui,60XHOAhvEBiV6BGBOv8ClM
James Carter,6LxEw44q7vq9M5dQMIDsk3
Joan Jett & the Blackhearts,1Fmb52lZ6Jv7FMWXXTPO3K
Dhanush,2F3KtUVtrt2GLjcl6pB4cz
AJR,6s22t5Y3prQHyaHWUN1R1C
Chris Jedi,0qTZZWLzuD59Un5r1speHm
Dudy Oris,6YPfs6tdZXvnlzgZNU3SYT
Felipe Amorim,3CIIaeZuFYrAD6PRVyuO4U
Keyshia Cole,1vfezMIyCr4XUdYRaKIKi3
Bibi Babydoll,6R26kGib2ubbZJMh7kKVGV
Shadab Faridi,6WixbETKEXH0xBf0OB9kRB
M.I.A.,0QJIPDAEDILuo8AIq3pMuU
BØRNS,1KP6TWI40m7p3QBTU6u2xo
Omar Varela,5xIOUIBQhGFX7HIj8lhdyU
Leony,2NpPlwwDVYR5dIj0F31EcC
Jason Aldean,3FfvYsEGaIb52QPXhg4DcH
Mc Menor Do Alvorada,0ivrHNM8urVaCkgRX8rtKH
Neil Young,6v8FB84lnmJs434UJf2Mrm
iñigo quintero,0jbo7KFNMiIkfBR6ih0yhm
Mötley Crüe,0cc6vw3VN8YlIcvr1v7tBL
DJ WN,3joq445M6f168kb3mkp7BB
Kool & The Gang,3VNITwohbvU5Wuy5PC6dsI
Elderbrook,2vf4pRsEY6LpL5tKmqWb64
Shaarib Toshi,0FJz7XR37hH69traaHLijA
Diego & Victor Hugo,2UFqwY8A3PLcx8pAkg9g5P
Ferrugem,5ZfBThYiIIhL7jHMG8gDB2
George Harrison,7FIoB5PHdrMZVC3q2HE5MS
Vulgo FK,27azwwkxutWL1BWMkgNIh0
Sigala,1IueXOQyABrMOprrzwQJWN
Audioslave,2ziB7fzrXBoh1HUPS6sVFn
Kishore Kumar,0GF4shudTAFv8ak9eWdd4Y
Dom Dolla,205i7E8fNVfojowcQSfK9m
Axwell /\ Ingrosso,2XnBwblw31dfGnspMIwgWz
PEDRO SAMPAIO,5wbf52LA6kcaboHSN6NEF1
Alice In Chains,64tNsm6TnZe2zpcMVMOoHL
Kenny Chesney,3grHWM9bx2E9vwJCdlRv9O
Kodaline,4BxCuXFJrSWGi1KHcVqaU4
Casper Magico,1fux65HMCBvfJHqlBc4Nno
Lay Bankz,4OVbrPbhvK46A1uXTU1u5F
Anuv Jain,4gdMJYnopf2nEUcanAwstx
George Strait,5vngPClqofybhPERIqQMYd
INXS,1eClJfHLoDI4rZe5HxzBFv
Maggie Rogers,4NZvixzsSefsNiIqXn0NDe
FMK,0dUyjgCyjfj5eMx6bX2TWf
Tinlicker,5EmEZjq8eHEC6qFnT63Lza
Gnarls Barkley,5SbkVQYYzlw1kte75QIabH
Sam Cooke,6hnWRPzGGKiapVX1UCdEAC
Juan Magán,1ackd5XprZEkH3McKbQD51
Fireboy DML,75VKfyoBlkmrJFDqo1o2VY
Shiloh Dynasty,1wxPItEzr7U7rGSMPqZ25r
Willie Nelson,5W5bDNCqJ1jbCgTxDD0Cb3
Rashmi Virag,5r2baeTwcCJnuIsDIlxUJo
BABYMONSTER,1SIocsqdEefUTE6XKGUiVS
Gordo,4Ge9GwmWnOQsohwPTrXyHc
ILLENIUM,45eNHdiiabvmbp4erw26rg
Jimi Hendrix,776Uo845nYHJpNaStv1Ds4
YOASOBI,64tJ2EAv1R6UaZqc4iOCyj
Feby Putri,66NmU5epI0ONGmdCRbLpmW
The Paper Kites,79hrYiudVcFyyxyJW0ipTy
Warren Zeiders,7kplJl06UmldxLKseURAYi
Bronco,0VKh7CQDi9MkUvaBMoK1V0
Miranda!,2eEmsgWmUFMbtU7agJpnjY
Orochi,3rfM2cGqF6DB0kUyytMkXx
Ludovico Einaudi,2uFUBdaVGtyMqckSeCl0Qj
Gulzar,0yRC5n90spXG0d3aiDQ0vB
Dewa 19,48bKH1ugFBhERC1rdojP9d
Luny Tunes,5pZE9tgrhmIGWAsJZ7YxNK
Mc Laranjinha,1JJq541frMPfUIQiUoVrnp
Manu,0tmwSHipWxN12fsoLcFU3B
Ivan Cornejo,6PH3FLQAxtqYy46Zv08bpV
Internet Money,6MPCFvOQv5cIGfw3jODMF0
Alex Rose,2DspEsT7UXGKd2VaaedgG4
Micro TDH,1aWJsBQa67l72j1VT3D6Ow
Ricardo Arjona,0h1zs4CTlU9D2QtgPxptUD
Mc Davi,1cYhx7ZOhYoVmnDPb9KMwo
MK,1yqxFtPHKcGcv6SXZNdyT9
Jul,1bfl0AU8SqmLkElptOprhC
Nina Simone,7G1GBhoKtEPnP86X2PvEYO
Shafqat Amanat Ali,5SuRAj1A9FEHj5NxS86YAm
João Gomes,4JNo6Q5KdcRf1vtSX9mB0S
Cafuné,581C5Qwl87TskfBEzuoisu
Young Nudy,5yPzzu25VzEk8qrGTLIrE1
Shweta Mohan,1rdQOMFFtoskDXXUVjiGo9
Trevor Daniel,7uaIm6Pw7xplS8Dy06V6pT
Jeremy Zucker,3gIRvgZssIb9aiirIg0nI3
Aaron May,2rwALQ1SXdfUWPUd6WOfYS
Pepe Aguilar,03Yb3iBy9GCifXiATEFcit
Cardenales De Nuevo León,0GpuSge5ffZ053NhXxgQkV
Steve Miller Band,6QtGlUje9TIkLrgPZrESuk
Skylar Grey,4utLUGcTvOJFr6aqIJtYWV
De La Rose,54seKvtsZauR1iauN0ptpo
Francesco Yates,5X1JzPIIonP3u9lA580pPT
Tayc,7gU9VyFRN3JWPJ5oHOil60
Henry Moodie,7hr9W3IjXcm3UlLY7guLk5
Eric Prydz,5sm0jQ1mq0dusiLtDJ2b4R
Gloria Trevi,1Db5GsIoVWYktPoD2nnPZZ
MC GP,5s27i7oqhNWIcE4HeoVdq0
El Komander,2wC90WSKQd0BvdxJZ0mObr
Ski Mask The Slump God,2rhFzFmezpnW82MNqEKVry
Clams Casino,5vSQUyT33qxr1xAX2Tkf3A
Ilaiyaraaja,3m49WVMU4zCkaVEKb8kFW7
Shenseea,1OFOShsIbhy1l5x73yuVyB
Cartel De Santa,07PdYoE4jVRF6Ut40GgVSP
Tochi Raina,6k6dimE4a6OFnD0HWmkIUW
MC Saci,0kj68SnX4WCXwveyBbRX8p
Oruam,4yGgbQJMq9orWypwqtdzYT
Blxst,4qXC0i02bSFstECuXP2ZpL
Joey Bada$$,2P5sC9cVZDToPxyomzF1UH
FIFTY FIFTY,4GJ6xDCF5jaUqD6avOuQT6
Hungria,0vLuOi2k62sHujIfplInlK
Banda El Recodo,6AcOTCYBMvjKYy4zms0kaC
Nate Ruess,1qUjOF5fzrpoNycD36b2jZ
Majid Jordan,4HzKw8XcD0piJmDrrPRCYk
salvia palth,0pg0Zm8FsGAYy5kdHuBnSo
Joel De La P,4qDRNT8ldCfCjSp9lBzYC5
Shreyas Puranik,5o36rLQd78Zh8CaT8rn59d
Sushin Shyam,1qFp8zDvsXyCsC5dqz8X4S
Lee Brice,5Zq7R5qmi58ByYyBQTlNuk
Skillibeng,5FkUhnHQ0KC63549LHHtst
Stefflon Don,2ExGrw6XpbtUAJHTLtUXUD
Lily Allen,13saZpZnCDWOI9D4IJhp1f
Jósean Log,1LMyTeRhjaitILs98h3MaF
Miranda Lambert,66lH4jAE7pqPlOlzUKbwA0
Gloria Groove,7rXMvXRnWHaSwnVvPeUUfw
Belanova,3oNy8cjBtJzLC07I70sklp
Toby Keith,2bA6fzP0lMAQ4kz6CF61w8
Grupo Menos É Mais,6vTqEFbTtTRJsuIpzZgjxi
Powfu,6bmlMHgSheBauioMgKv2tn
Hailee Steinfeld,5p7f24Rk5HkUZsaS3BLG5F
Mesita,2IKdK6PbitvCiXt1t2bPU6
Pamungkas,7d86ERlvO5UG44j7Va0Y0C
Beastie Boys,03r4iKL2g2442PT9n2UKsx
Hindia,51kyrUsAVqUBcoDEMFkX12
Ken Carson,3gBZUcNeVumkeeJ19CY2sX
Davido,0Y3agQaa6g2r0YmHPOO9rh
Haricharan,1QvyquqkuuwUzdszyoKIy4
Intense,0OS0NZnK7TGIAWx8MkWNFN
The Animals,3ICflSq6ZgYAIrm2CTkfVP
Humberto & Ronaldo,5kqEWoVov8qCFW34dFXaHL
MixSingh,05dG9pMLRWenxzvSmefE6U
Keith Urban,0u2FHSq3ln94y5Q57xazwf
Chuck Berry,293zczrfYafIItmnmM3coR
MC Tuto,6aoGgTKGqtsjj48ymcNs4Z
Crowded House,7ohlPA8dRBtCf92zaZCaaB
Jay Sean,4pADjHPWyrlAF0FA7joK2H
Chase & Status,7cYEt1pqMgXJdq00hAwVpT
Bleachers,2eam0iDomRHGBypaDQLwWI
Brando,1bdnGJxkbIIys5Jhk1T74v
Oh Wonder,5cIc3SBFuBLVxJz58W2tU9
Leo Dan,6qhOH2mrlqUDod9sWA5kR2
Jere Klein,35oGZihZclGoTVuICPXRP9
Chris Isaak,7290H8m1Dwt8G7jm1y9CQx
The Kooks,1GLtl8uqKmnyCWxHmw9tL4
Polimá Westcoast,768O5GliF0bqscyghggrbE
Sorriso Maroto,1fUSLFr4WUBx7joEcGwpvG
Beny Jr,22dFwJoRBV51ue5TGnC7Dt
Alanis Morissette,6ogn9necmbUdCppmNnGOdi
Tony Aguirre,6twEaJ9RPRYiCmWapjG8xh
Neon Trees,0RpddSzUHfncUWNJXKOsjy
Antara Mitra,2UwDJeoMqYers5Jmm75zm2
Naresh Iyer,7FaGCZiP3s6X7jQTB8EhfI
LF SYSTEM,0HxX6imltnNXJyQhu4nsiO
Incubus,3YcBF2ttyueytpXtEzn1Za
Felipe e Rodrigo,7gZu6kPnY9enEi5FvgTO4F
Mika Singh,5T2I75UlGBcWd5nVyfmL13
Falling In Reverse,2CmaKO2zEGJ1NWpS1yfVGz
Idina Menzel,73Np75Wv2tju61Eo9Zw4IR
Helsloot,6dC41opH96WjFwWhhAxBsS
TOMORROW X TOGETHER,0ghlgldX5Dd6720Q3qFyQB
Denzel Curry,6fxyWrfmjcbj5d12gXeiNV
Muni Long,7tjVFCxJdwT4NdrTmjyjQ6
Ayushmann Khurrana,7qHsapL39aTQsPhixtzVvy
Tom Petty and the Heartbreakers,4tX2TplrkIP4v05BNC903e
Paul Russell,4zoRNhOhsGX3w8yBAnFSQ8
Novo Amor,0rZp7G3gIH6WkyeXbrZnGi
Thirty Seconds To Mars,0RqtSIYZmd4fiBKVFqyIqD
Sash!,5XTxV2ifoYkmNb13Gb6cKz
Rusherking,3Apb2lGmGJaBmr0TTBJvIZ
Vinayak Sasikumar,51jfCC7m2rTGPDz06E2nvS
Fiersa Besari,06QVnTCdjs4jPKO0487EGV
Dionela,1chOgh5tgwfiyJ2zhUHwBj
Mother Mother,0e86yPdC41PGRkLp2Q1Bph
Kiki Dee,4vjGlQWexbru6aOUCLTVir
Neil Diamond,7mEIug7XUlQHikrFxjTWes
Clementine Douglas,4DWuml4Jf6K81b5rAPwMb6
AgroPlay,0uGWkZRPp1Urk77XBrPBsZ
dj sv,6TC6ZeVdvCuBSn32h5Msul
Kevin AMF,1XtR9vPQD6cjmHlR5PuHPu
Emmanuel,5P0vV6Fw0YTdumAPZSkkuC
bôa,5jTtGLk1mGFMY5lQOvJYUj
Traia Véia,0FMBXfGasuAjdpsCs7zgju
TrapLaudo,39QiJaZ1HzRcpY9xlMKCsF
Mark Morrison,6V3F8MZrOKdT9fU686ybE9
La Roux,3K2zB87GZv1krx031en5VA
Laura Pausini,2e4nwiX8ZCU09LGLOpeqTH
Calle 13,0yNSzH5nZmHzeE2xn6Xshb
Don Diablo,1l2ekx5skC4gJH8djERwh1
Men I Trust,3zmfs9cQwzJl575W1ZYXeT
Khruangbin,2mVVjNmdjXZZDvhgQWiakk
The All-American Rejects,3vAaWhdBR38Q02ohXqaNHT
Ghost,1Qp56T7n950O3EGMsSl81D
Matuê,5nP8x4uEFjAAmDzwOEc9b8
Los Bukis,16kOCiqZ1auY4sokSeZuKf
Rich Amiri,2sF5nNXnrrsCPZlt8ZpyGd
GAMPER & DADONI,6HQ6vf4AloXyVNdyJhrX1J
Trinix,3HqP3nd8WI0VfHRhApPlan
Tucker Wetmore,4sCKpwwEsgReZxjtKFm2A0
S3BZS,6zFMFB1JvNHkHvCSudF4id
Zoé,6IdtcAwaNVAggwd6sCKgTI
LANY,49tQo2QULno7gxHutgccqF
Sofía Reyes,0haZhu4fFKt0Ag94kZDiz2
KAYTRANADA,6qgnBH6iDM91ipVXv28OMu
Def Leppard,6H1RjVyNruCmrBEWRbD0VZ
Zé Felipe,7cmuxPnXRJxwuYDHfbD8Eu
Danna Paola,5xSx2FM8mQnrfgM1QsHniB
Rise Against,6Wr3hh341P84m3EI8qdn9O
Varun Jain,4gzrZDyL5gYiROkv27pYKx
The Cars,6DCIj8jNaNpBz8e5oKFPtp
Colbie Caillat,6aZyMrc4doVtZyKNilOmwu
Ñejo,2OHKEe204spO7G7NcbeO2o
Vijay Prakash,4iA6bUhiZyvRKJf4FNVX39
Arash,7hQmAXAzWI6D350VTgkKTG
Duncan Laurence,3klZnJvYGIbWritVwQD434
Xamã,5YwzDz4RJfTiMHS4tdR5Lf
Mitraz,3iGhlvzpXc0UHBQ7klAItX
Zak Abel,6Gk5hoM7eW8NSCYhICMDHw
Olly Alexander (Years & Years),5vBSrE1xujD2FXYRarbAXc
Frankie Valli,3CDKmzJu6uwEGnPLLZffpD
Megan Moroney,5Ppie0uPnbnvGBYRwYmlt0
Sam Hunt,2kucQ9jQwuD8jWdtR9Ef38
YUNGBLUD,6Ad91Jof8Niiw0lGLLi3NW
Mainstreet,25XJqeReVV38w0tR04GGBd
Alisha Chinai,4mBxoO0pAcMbAwuTcrcLMc
Fujii Kaze,6bDWAcdtVR3WHz2xtiIPUi
Alan Menken,5sy77gt4bfsLcSQ8GIe4ZZ
ACRAZE,4pnp4w9g30yLfVIAFnZMRd
Ricky Montgomery,0ZUvK7zGdXLd78mQr3t1Tw
León Larregui,4ClsVDy2g7RKSSlvq8cF6d
Mc Pretchako,5r3Fsh6QhUaKlr9CKgBxcv
Dylan Scott,78YqeIji3mgAS2K1Maca6x
Clayton & Romário,3HM2KNmxuQ4SS3A3sI5Lez
Crystal Castles,7K3zpFXBvPcvzhj7zlGJdO
Soundgarden,5xUf6j4upBrXZPg6AI4MRK
Krono,17TFSnqADESRM8BPSaM5aB
Luciano,0Y8KmFkKOgJybpVobn1onU
Cookin' On 3 Burners,726MxZBpkxnnoKl6aN7mmj
El Chapo De Sinaloa,59Ih0XIAzMXq7Yf9ny3u5t
Iron Maiden,6mdiAmATAx73kdxrNrnlao
Ella Langley,6BRxQ8cD3eqnrVj6WKDok8
Aaron Smith,77qukKzmdI5BeMBR7WGUrN
Avvy Sra,4qjiRRFcM4WZ0aJ3IHdWPN
Jory Boy,5lFhCi03HDneWzvCxGctrT
Mc Paiva ZS,0gHj4MPwwcZ8Zl9CY0hqT5
Anuradha Paudwal,4hkB2bR5ek6lJChj6aunCn
Suzanne D'Mello,4HQeSXwG2BVH0KvxHE5oCf
J Alvarez,6XFITTl7cFTdopDY3lUdlY
Darius Rucker,7FY5V3XMwlNBPitEjXowHQ
Elevation Worship,3YCKuqpv9nCsIhJ2v8SMix
VINAI,4mrBetqy378Jf1y6NLszlx
Niklas Dee,1ZPGzmbFTn8GRjqTqnLiFE
sped up nightcore,0M2CO5ijP35MDhNwvpgxTV
Beach Bunny,2vnB6tuQMaQpORiRdvXF9H
American Authors,0MlOPi3zIDMVrfA9R04Fe3
Mc Kadu,21ELc2P2rA3Cu6xw3VWqvv
Gurinder Gill,5DHi2MeoRgAwPE0A0qwRMl
Doug Hits,11rNmgKeDd6wHHvvhzPHH9
Jay R,3z0IVhtuFvt9VYUZGT98PU
4 Non Blondes,0Je74SitssvJg1w4Ra2EK7
Gazo,5gqmbbfjcikQBzPB5Hv13I
Kenny Dope,1TrfxjXu8quyDw05p2bacX
Missy Elliott,2wIVse2owClT7go1WT98tk
2KE,2vPnS0IpayC2RVFuQA08R4
Dennis Lloyd,3EOEK57CV77D4ovYVcmiyt
Bruno & Marrone,0du5cEVh5yTK9QJze8zA0C
Grey,0obiwW8UEpyliJ4xhXqrra
Marc Seguí,5FQ8tBUtIamA2hRtatrYUF
Tz da Coronel,3lIU3RoZiHen1QXAQ3KQ9e
Bronski Beat,2wpWOzQE5TpA0dVnh5YD08
Paul Simon,2CvCyf1gEVhI0mX6aFXmVI
Carlos Rivera,39yVoqm6sYFvvqF1RciUVf
Charlie Brown Jr.,1on7ZQ2pvgeQF4vmIA09x5
Hippie Sabotage,4dM6NDYSfLcspt8GLoT5aE
Prezioso,3iMzbvXlgNUpoFccD60bvr
GROUPLOVE,3kVUvbeRdcrqQ3oHk5hPdx
Nico & Vinz,0PoNc2Vn4Ag4NOySSD666z
The Who,67ea9eGLXYMsO2eYQRui3w
Manuel Medrano,0i5iO6icb7kxg48thi9gBM
Sfera Ebbasta,23TFHmajVfBtlRx5MXqgoz
Maki,6AvnL2gWjNYs1hRVJx4huK
Nat King Cole,7v4imS0moSyGdXyLgVTIV7
Kid Rock,7dOBabd5O4CvKrg4iriHTM
Mecano,5BMgsAFg8rZQc3tqs5BB8G
Duke Dumont,61lyPtntblHJvA7FMMhi7E
Sujatha,2JEjaa7hWhE1BbL3OcoeFR
Javed-Mohsin,2zvJLk0gTH7r7A5Q6X5Bq8
Humbe,1b7AEdUSudOQoZF5ebUxCL
42 Dugg,45gHcnDnMC15sgx3VL7ROG
Marisela,73c2MjCAFNyKYIs7nBlqG2
Air Supply,4xXCRXOfQKQ2gjWxNhNzYW
Hugh Jackman,5F1aoppMtU3OMiltO8ymJ2
Wesley Safadão,1AL2GKpmRrKXkYIcASuRFa
Pol Granch,1aMt4A5jrQHxDYyC7rXgV0
MAX,1bqxdqvUtPWZri43cKHac8
Guaynaa,0BqURncJM5B1BBu7UM51eq
Shakthisree Gopalan,7zAp0JbkavFg2rcMGvANtP
Yot Club,6FugQjLquBF4JzATRN70bR
Marilyn Manson,2VYQTNDsvvKN9wmU5W7xpj
Akhil Sachdeva,3TOhzLRYnkkul71yRBxIoM
Cristian Castro,2AZOALDIBORfbzKTuliwdJ
Jon Z,5bWUlnPx9OYKsLiUJrhCA1
All Time Low,46gyXjRIvN1NL1eCB8GBxo
Pedro Lotto,23ot0eI6ByBW6LrlBfr2bm
The Magician,4WUGQykLBGFfsl0Qjl6TDM
Ali Gatie,4rTv3Ejc7hKMtmoBOK1B4T
Bob Seger,485uL27bPomh29R4JmQehQ
BYOR,0Upxnyh9nIUNSOmNE8WF4R
DJ Glenner,6XX6KGpomRDPmGGm7bofCK
Miggy Dela Rosa,45ruzGUmIr8WLjLOPJ9mGU
Rich The Kid,1pPmIToKXyGdsCF6LmqLmI
Victony,1E5hfn5BduN2nnoZCJmUVG
Meet Bros.,0qpsFfOT3SmdGmnyV6rOhS
The Monkees,320EPCSEezHt1rtbfwH6Ck
Kenshi Yonezu,1snhtMLeb2DYoMOcVbb8iB
Leona Lewis,5lKZWd6HiSCLfnDGrq9RAm
Gilberto Santa Rosa,27vNK840zYq6IfDijHPsv1
Nakash Aziz,4kq8z3vydHjPDggxb16ErB
Pineapple StormTv,09U6hmCerKcIJrixubiBjm
xxanteria,4nl0CCx6PpEOOr2Z2ThPdp
Mc Rodrigo do CN,54bV1pHNm5h5EcEgMis1RC
Ricchi E Poveri,5BwOOeKayeMZXa5SSaiRxv
Teto,4JX0GdKx8EduY2Ck7qac4H
Perera DJ,1Bp5RHQ2K9k986YoxNvACB
88rising,1AhjOkOLkbHUfcHDSErXQs
FINNEAS,37M5pPGs6V1fchFJSgCguX
THE BOX,24neLwyYRyj4ItaGnFeIT0
Doechii,4E2rKHVDssGJm2SCDOMMJB
MC LUUKY,70jpkgy5oGT4YjaGFpCpk7
Far East Movement,698hF4vcwHwPy8ltmXermq
London Symphony Orchestra,5yxyJsFanEAuwSM5kOuZKc
George Henrique & Rodrigo,3FlCKtwOEYQQYyGVEbxG2Z
Dadju,4sbXXFzEWJY2zsZjelerjX
Iggy Azalea,5yG7ZAZafVaAlMTeBybKAL
Stealers Wheel,7bPU7cvfoD20ixGD9Qnqki
Surfaces,4ETSs924pXMzjIeD6E9b4u
Rick Astley,0gxyHStUsqpMadRV0Di1Qt
Koe Wetzel,1Tie3AZgLQZqYEp8Fv4zOZ
Hiphop Tamizha,7zFBW2JxM4bgTTKxCRcS8Q
Caralisa Monteiro,2Yf4MRVpt0rcAd5y5h5ph1
MC Paulin da Capital,592JnViQ2tot63c1SbtgK2
Rob49,1jBoSSrbz9n4ehQWA4cZgB
KISS OF LIFE,4TEK9tIkcoxib4GxT3O4ky
Kaash Paige,0f2YkMXwFNJNSX7MymevKE
INTERWORLD,5hKGLu4Ik88FzWcTPhWNTN
Bellakath,4yjm4SvYqC5FFuLbB6TyHr
Lou Garcia,7l8ESevPECrqChwl3Bf7ov
reidenshi,6SdlxyPsQ3B0yYncFmDULP
Culture Club,6kz53iCdBSqhQCZ21CoLcc
Gryffin,2ZRQcIgzPCVaT9XKhXZIzh
Sofi Tukker,586uxXMyD5ObPuzjtrzO1Q
Diana Ross,3MdG05syQeRYPPcClLaUGl
Pet Shop Boys,2ycnb8Er79LoH2AsR5ldjh
Vika Jigulina,34dZRjYum6vVBGslgYaBtB
Alemán,4QFG9KrGWEbr6hNA58CAqE
Irene Cara,3oZa8Xs6IjlIUGLAhVyK4G
BINI,7tNO3vJC9zlHy2IJOx34ga
Lilly Wood and The Prick,50OApTJurDusIo9dGTqSU4
Trey Songz,2iojnBLj0qIMiKPvVhLnsH
Gente De Zona,2cy1zPcrFcXAJTP0APWewL
DJ LG PROD,1hPg0YVHOP4dizsVCYCnIA
Kevin Kaarl,6OBGbSaBUvQtk9wpQfDbOE
Five Finger Death Punch,5t28BP42x2axFnqOOMg3CM
Bacilos,1mux8L6xg2Cmrc7k0wQczl
Tribbs,6iqDK7aHVlwGGgPmcdSK5L
Eve,58oPVy7oihAEXE0Ott6JOf
Akhil,4f6KGO80csmMllffAYgzhr
Mohammad Faiz,4xNgNFUMUuGCoy7IX74Y60
Dulquer Salmaan,3NHwwyb1coYa5cLyI72xSk
Love Funk,64DTkZLH6KkkMwZEEZ5VWC
Mc Mininin,5PtqDNfEbT1c8wnGce6EIE
Sandro Cavazza,5JYo7gm2dkyLLlWHjxS7Dy
Frankie Valli & The Four Seasons,3CDKmzJu6uwEGnPLLZffpD
Intocable,108moq3rq6bm1M4Ypz0J02
The Academy: Segunda Misión,4C3ZmIqca9MWwThLaYbfXu
Ja Rule,1J2VVASYAamtQ3Bt8wGgA6
Parson James,48sLioddyaXkuhyHXSkpsB
Mc Jacaré,6qrqAYlS6lUj2BVXax7SZW
Sheryl Crow,4TKTii6gnOnUXQHyuo9JaD
Standly,0rjms710nwQTdrQheXHJfz
KEVIN ROLDAN,1RBzGO6Nm3uyhUSxP7EDWO
Anand Raj Anand,5ixQ5hSywFLUaxoaA0uVaH
Mc Brinquedo,1SZXYhJz4sqEss888VmWLP
Dent May,34me8hAxavRmcDIwhxa3b7
Johann Sebastian Bach,5aIqB5nVVvmFsvSdExz408
Mc Poze do Rodo,28ie4NNTa2VW2QV4Zray8M
Blackstreet,2P3cjUru4H3fhSXXNxE9kA
Ella Mai,7HkdQ0gt53LP4zmHsL0nap
Canserbero,1wGIhYkKWSq4yACtTkCkSX
Jasmine Sandlas,0mJDQBWytBhOh5JB1DOQ1c
Aitch,2PJEagPIxaBugeMjIyKVXF
Gala,0qcbuRzAu4q1oHX66qFlPJ
Sonny Fodera,39B7ChWwrWDs7zXlsu3MoP
Gigamesh,1Bo8Afb2Qbjs4x6kJHyjle
Yasser Desai,6RF8hEdlUKoLPQOHmBbHiM
The La Planta,4oZolC0sCwCAKqsNXfRlVS
Juss,6hYSGR8fQciNdj2PYAroch
The Red Clay Strays,6IKlXZEFOvk9itrP1s0knJ
Paulina Rubio,1d6dwipPrsFSJVmFTTdFSS
Europe,7Js6Lde8thlIHXggv2SCBz
Eros Ramazzotti,61J0BktHv7PuP3tjTPYXSX
Villano Antillano,1pi7nGhOM7PTHR5YEgXVGq
Afgan,4cgBCGxtlfap2g6jveB7du
Madhubanti Bagchi,4ojkMVHjuDZgDXSJy5qs2h
Café Tacvba,09xj0S68Y1OU1vHMCZAIvz
Eddie Santiago,5Wg6XnPTp0xXxFCjywwR9I
Young the Giant,4j56EQDQu5XnL7R3E9iFJT
Gaby Music,1r3tpVQ08jFAA2P4xzV5o4
Raj Ranjodh,183DgO92lAqgpVVNKI7ZKF
4batz,5fi7lIgJGH3RgUpJYcffQ7
John Travolta,4hKkEHkaqCsyxNxXEsszVH
Virlan Garcia,0vjeBgTzYTwmYoVySJzXGD
YG Marley,0n4Fao9kbjgM76RmVlfSwr
Lady A,32WkQRZEVKSzVAAYqukAEA
Ludwig van Beethoven,2wOqMjp9TyABvtHdOSOTUS
Ash King,1cfG7UM0OD4O1II1nd15Qo
mikeeysmind,0g0ZYLiNYI4kMg8MX76bkN
Supermode,7urnl0uH1w3NCoErxw7AUK
IVE,6RHTUrRF63xao58xh9FXYJ
Fat Joe,3ScY9CQxNLQei8Umvpx5g6
Romy,3X2DdnmoANw8Rg8luHyZQb
Mr. Probz,33W1pnW9zScZtYTnAoWnOT
Olly Murs,3whuHq0yGx60atvA2RCVRW
Lenin Ramírez,3hTffafUYLLgO4yuPAxb5U
Félix,1xU878Z1QtBldR7ru9owdU
Cordae,0huGjMyP507tBCARyzSkrv
MIKA,5MmVJVhhYKQ86izuGHzJYA
Salim Merchant,1TbRSunWGZ46mqnapcWxrm
ATB,7jZM5w05mGhw6wTB1okhD9
Andrea Bocelli,3EA9hVIzKfFiQI0Kikz2wo
Red Velvet,1z4g3DjTBBZKhvAroFlhOM
RSCL,5pkU7zjIzHgfN1n91e51r3
Savage Garden,3NRFinRTEqUCfaTTZmk8ek
Rainbow Kitten Surprise,4hz8tIajF2INpgM0qzPJz2
DJ JZ,4ptGOXi053ILmLfMcIG2hB
Brad Paisley,13YmWQJFwgZrd4bf5IjMY4
Dani Flow,1yX62RHdYysNcIrO33WQxJ
Mc Kevin,5pBMkZNIlbGTH3hrsQJqAa
Lil Mosey,5zctI4wO9XSKS8XwcnqEHk
FKJ,2FwDTncULUnmANIh7qKa5z
Creepy Nuts,0pWR7TsFhvSCnbmHDjWgrE
Sonder,2ICR2m4hOBPhaYiZB3rnLW
Gloria Gaynor,6V6WCgi7waF55bJmylC4H5
Faye Webster,5szilpXHcwOqnyKLqGco5j
El Padrinito Toys,04mzq9GH08zOBRdV2gzmXm
Modjo,0AkpPlFLnr0VQwZQeMGht0
VIZE,09agIJMxCD2k87ys9Al0f0
Semicenk,1CcZoULzFHa8Uhwo6OlQcp
JP Cooper,4kYGAK2zu9EAomwj3hXkXy
R. City,4TH4BHy0LdBi3dpBW4P2UX
Robert Miles,2YVF0Ou5zIc4mpgtLIlGN0
Sante Sansone,5fAwPpS78sokZdpktoSUE8
Inner Circle,5os0Ltvz8Q8BvXOPOd1frx
Duelo,0nnp7oJpY2J6yZOqtdKaWq
LAGOS,7uQ1D2NNHs5cUL3CLKRbia
The Living Tombstone,0I6yADrmeyvw66g7yjkqIF
Jazzy,0P9cTrFMXCX5qpR4lcu2o3
Seether,6B5c4sch27tWHAGdarpPaW
Jessie Reyez,3KedxarmBCyFBevnqQHy3P
Aaliyah,0urTpYCsixqZwgNTkPJOJ4
Kavita Seth,3nQ125TJobosBH446Dsvvv
Israel & Rodolffo,6ojwZd66jiZlplxrG6JVjW
Tee Grizzley,6AUl0ykLLpvTktob97x9hO
Matchbox Twenty,3Ngh2zDBRPEriyxQDAMKd1
Baby Gang,3LvwPiJQJ0da0GurKMToV0
Neoni,38wxcfNEqMwuPniHvplin5
Apache 207,1qQLhymHXFPtP5U8KNKsm6
Omar Apollo,5FxD8fkQZ6KcsSYupDVoSO
Wall Hein,5wEgjH2s4SAiffRmzkBqHB
Don McLean,1gRNBaI4yn6wCCTvRhGWh8
Mrs. GREEN APPLE,4QvgGvpgzgyUOo8Yp8LDm9
wave to earth,5069JTmv5ZDyPeZaCCXiCg
Cali Y El Dandee,5DUlefCLzVRzNWaNURTFpK
Pink Sweat$,1W7FNibLa0O0b572tB2w7t
Hollow Coves,7IAFAOtc9kTYNTizhLSWM6
HAYLA,4yX6mpMyBGf9UfvBB8JJrc
KXLLSWXTCH,2VDZoCBGjxbHJbnzSX5nP6
Alex Ubago,2tY2GFdhH0Wa2VBvsxew5X
Matt Maltese,12j6dJrPXanCBwY599pZxf
Victor Mendivil,5YqI7p8zYsOpKJtjxYdOce
Breaking Benjamin,5BtHciL0e0zOP7prIHn3pP
The Pointer Sisters,2kreKea2n96dXjcyAU9j5N
The Alchemist,0eVyjRhzZKke2KFYTcDkeu
Badger,4mnrcwjD8rgFeOzvXmkcw3
Yura Yunita,02Tq76MwpeoRu3BHIAiaio
Bryan Martin,0ChjBYedhZTQnWZWQYg15U
Vidyasagar,5TB837uKG65w8Jnz5D0bS5
The War And Treaty,6HhV0jtMMK5HYnYgG0xgtz
Cheat Codes,7DMveApC7UnC2NPfPvlHSU
Ninho,6Te49r3A6f5BiIgBRxH7FH
Ed Maverick,3JSSjGYcIkgsrz7892CelT
Eric Carmen,2ekjTXgjxbWwBX5lTAj4DU
The Vamps,7gAppWoH7pcYmphCVTXkzs
Huey Lewis & The News,7A9yZMTrFZcgEWAX2kBfK6
The Ronettes,7CyeXFnOrfC1N6z4naIpgo
Vijay Yesudas,0aUQnP4HhUQXcurZl9GJIA
Oscar Ortiz,0FvHxb8a4I0A2i8jKCsFei
Lil Pump,3wyVrVrFCkukjdVIdirGVY
Pantera,14pVkFUHDL207LzLHtSA18
Damian Marley,3QJzdZJYIAcoET1GcfpNGi
Javed Akhtar,3UpmjPgIFSGqnxXuiwD014
Yeah Yeah Yeahs,3TNt4aUIxgfy9aoaft5Jj2
Gajendra Verma,1yzgJmZf5CxtFfGfRFm4Si
The Righteous Brothers,4b0WsB47XCa9F83BmwQ7WX
Péricles,6gEzJZrbm0F4ihvE9iXR9z
Poppy Baskcomb,4STmXOXUF3UieHU46NWLVt
Moby,3OsRAKCvk37zwYcnzRf5XF
The Greatest Showman Ensemble,63nv0hWWDob56Rk8GlNpN8
Río Roma,2O3v9rCTzLhPFaGaAVgZLt
Chefin,68PYmgkbRP1qZnEWOry7sB
Virgoun,4bAgr9zaF0bpzVGHdHuf0f
Shinedown,70BYFdaZbEKbeauJ670ysI
Paloma Faith,4fwuXg6XQHfdlOdmw36OHa
CamelPhat,240wlM8vDrf6S4zCyzGj2W
Boyz II Men,6O74knDqdv3XaWtkII7Xjp
BUNT.,2CpLIMBoE2ZzyY3ZBCRZ7j
Al Green,3dkbV4qihUeMsqN4vBGg93
Nightcrawlers,1gALaWbNDnwS2ECV09sn2A
The Cinematic Orchestra,32ogthv0BdaSMPml02X9YB
ANNA,7K80yOTC0Id95gRaOxDG5u
Sofia Carson,7bp2lSdh12wcA8LyB1srfJ
The Wanted,2NhdGz9EDv2FeUw6udu2g1
Frankie Ruiz,4dLvccxeQIM5u80Ri0u9OV
DIVINE,4Ai0pGz6GhQavjzaRhPTvz
Benjamin Ingrosso,7jEEE187pVG6InOxn03oA5
The Kinks,1SQRv42e4PjEYfPhS0Tk9E
Harrdy Sandhu,4ITkqBlf5eoVCOFwsJCnqo
Plain White T's,1g1yxsNVPhMUl9GrMjEb2o
Priya Saraiya,6q29t5RuXxlBuqIZsOMQss
Rick Springfield,6IFXsrXBpwbIqtOUOiAa3p
Harshdeep Kaur,3xU8YsNNkmWSPewlB18NUz
Jain,2HHmvvSQ44ePDH7IKVzgK0
Salve Malak,7zxFc10N9BP2lg73b8cwZ0
Beck,3vbKDsSS70ZX9D2OcvbZmS
Vierra,1WX2v0BiEW19Vw7xmznLdZ
The Hollies,6waa8mKu91GjzD4NlONlNJ
BONES,5v2WhpA59TJSdPh7LCx1lN
BoyWithUke,1Cd373x8qzC7SNUg5IToqp
Katrina & The Waves,2489Mjd47ThF0KGYnswsEM
Djonga,204IwDdaHE4ymGk9Kya2pY
Slowboy,65FHTCI8EmW94W0TdWb8ja
Anuradha Sriram,5ObQXIcqKtQENK14lQyqiy
La Receta,3p8PwzenE7ktd4BVFuQzMD
Rob Zombie,3HVdAiMNjYrQIKlOGxoGh5
Jake Owen,1n2pb9Tsfe4SwAjmUac6YT
Monali Thakur,2o4R2rK7FetH40HTv0SUWl
Caifanes,1GImnM7WYVp95431ypofy9
Queens of the Stone Age,4pejUc4iciQfgdX6OKulQn
ANOTR,4p5WgeiPSPpqPDs7T6OkWf
Edward Sharpe & The Magnetic Zeros,7giUHu5pv6YTZgSkxxCcgh
Ovi,4o0NtnL2m0lzZmEdRas1qv
Gurpreet Saini,3nLLr3ShsQC2Hdrwjl14ie
Third Eye Blind,6TcnmlCSxihzWOQJ8k0rNS
Mabel,1MIVXf74SZHmTIp4V4paH4
Anggi Marito,1JvbNeV9zG9Sew1JyaWsyx
Pablo Chill-E,2XcZshqzPKm3iZcmt73R8D
Social House,5UjifI1TYefXWn9GdqDOHl
Genesis,3CkvROUTQ6nRi9yQOcsB50
Remi Wolf,0NB5HROxc8dDBXpkIi1v3d
Aminé,3Gm5F95VdRxW3mqCn8RPBJ
Still Woozy,4iMO20EPodreIaEl8qW66y
Mxrci,5Us2dsq4VHlfLbKOrskg7K
Takeoff,3EW0kQ1skZiK1NHg3Spt9J
Deep Purple,568ZhdwyaiCyOGJRtNYhWf
Celia Cruz,2weA6hhVqTIN2gSn9PUB9U
Ricardo Montaner,4uoz4FUMvpeyGClFTTDBsD
REO Speedwagon,55vs7NT1KxcFjbMC4y202E
Mohammed Irfan,6QtJ6BVdj43aDpgjnVp2tY
Jimmy Buffett,28AyklUmMECPwdfo8NEsV0
Alex Favela,5TcnuUD5MHBfd1cO4kweWD
Cavetown,2hR4h1Cao2ueuI7Cx9c7V8
Los Cadetes De Linares,1iIxNEvPPmdFIIP0tdpw6G
MC Marks,04QHNiih9ZesPvals6II1h
Ski Aggu,6CP5wWvO8oIxedESJNCN4H
The Emotions,64CuUOOirKmdAYLQSfaOyr
Alexandra Stan,0BmLNz4nSLfoWYW1cYsElL
Conrad Sewell,1rw8ZTLnDHd74TWDDukjVi
Randy,1pTuR132U5b4Rizal2Pr7m
Tempoe,1X7glgDhqNq1qn0Qv9g3K4
Sai Abhyankkar,5jJrJU7VVmxQQLcLAmmxXc
Lil Jon,7sfl4Xt5KmfyDs2T3SVSMK
D.O.D,0Cs47vvRsPgEfliBU9KDiB
Marcos & Belutti,4x7kxyIgzgtrHYDQ8SCzo2
Kotim,210Sy1oGhvPu929TKoSVcN
Dabzee,2JJKoRrK7Eec7jlcjFB7sc
Joaquin Medina,6bpv92ES2Vcv2OKA3DAhgw
Rod Wave,45TgXXqMDdF8BkjA83OM7z
Nagalli,6TPJK8tv3AKKSsw0lENTQk
Grupo Niche,1zng9JZpblpk48IPceRWs8
That Mexican OT,3BAgmPNIK5IJl7zMK1wvMA
JACKBOYS,7A8S43ryYdbWpJKeHRZRcq
Xand Avião,43DRDu6nLSeIedZ7T1A616
Lvbel C5,0V2oXYR7DtrZAEFeILRW2r
Keala Settle,7HV2RI2qNug4EcQqLbCAKS
Liana Flores,5zVu34ozw0BzXIcNHqkO0u
"Hank Williams, Jr.",2dyeCWctcFRt3Pha76ONgb
Mohammed Rafi,0gXDpqwYNDODn7fB0RDN8J
Sohail Sen,1bTROl5p3rGTpvKeWnGgrw
Hardwell,6BrvowZBreEkXzJQMpL174
Los Fabulosos Cadillacs,2FS22haX3FYbyOsUAkuYqZ
The Foundations,4GITZM5LCR2KcdlgEOrNLD
Omar Courtz,3E12tRURRvPfHz0hAMCFYc
Anand-Milind,2owjgBZQ70LoCNHIgW3gSk
LP,0J7U24vlOOIeMpuaO6Q85A
Amenazzy,6kq4GHwUcUojGIu0ziSNXf
Gloria Estefan,5IFCkqu9J6xdWeYMk5I889
Adrian Khalif,6X28gNASnalAWseUA8uI4X
MC GH do 7,5XUMgbLR3zyRPesnTQY31C
S. Janaki,5Xpg6PBSUOoho2lI9qLjiu
Deepend,0uGApGjjFXKwUOAqYBeX7B
Banda Los Recoditos,4bPiOPI4V99cepEftvBYak
Shinda Kahlon,6aQfrWHwAcuY8IYItbChZh
Neto Peña,0U5RYP2HMdGv2GhicLhkOI
Cutting Crew,3cniTumSiUysiPWXapGx1i
ZWE1HVNDXR,33rnQWadiG2aauIwIxPxfB
Tony Effe,6CKch2otN4SPznHf9ms5JF
Guè,7F2utINZ6tSokSiZTQBE27
Klaas,25sJFKMqDENdsTF7zRXoif
Hurts,3w4VAlllkAWI6m0AV0Gn6a
Pirlo,7GQDI5Vmxs92RsIRZzYT11
Gipsy Kings,3jc496ljiyrS3ECrD7QiqL
Wolfgang Amadeus Mozart,4NJhFmfw43RLBLjQvxDuRS
Commodores,6twIAGnYuIT1pncMAsXnEm
Wheatus,4mYFgEjpQT4IKOrjOUKyXu
Arko,6AJ9HQ2Ptp1WWEfBFvR5fF
Victor Cibrian,1iXdpCz3AeLEAvzqeNodt8
Axwell,2XnBwblw31dfGnspMIwgWz
Zack Tabudlo,67IN4cLJ7798gUapyZlmac
Dean Martin,49e4v89VmlDcFCMyDv9wQ9
Crazy Mano,6QwlKB1hO357wh5oNuuInl
Grimes,053q0ukIDRgzwTr4vNSwab
PLK,3DCWeG2J1fZeu0Oe6i5Q6m
Gregory Alan Isakov,5sXaGoRLSpd7VeyZrLkKwt
Roberta Flack,0W498bDDNlJIrYMKXdpLHA
Janieck,1bZDq4po4dMIpN74Zendm0
Why Don't We,2jnIB6XdLvnJUeNTy5A0J2
Ginuwine,7r8RF1tN2A4CiGEplkp1oP
Ray Dalton,4e0nWw2r4BoQSKPQ2zpU13
Thiaguinho,1vppDmG3i5sXf3DJzrK4T1
Nadson O Ferinha,7KdmibNmW5J0q5YtGnJqQ8
ian,23hzc59PkIUau13dqXx5Ef
Dustin Lynch,1dID9zgn0OV0Y8ud7Mh2tS
Flowdan,07CimrZi5vs9iEao47TNQ4
salem ilese,3QJUFtGBGL05vo0kCJZsmT
James Taylor,0vn7UBvSQECKJm2817Yf1P
Ashanti,5rkVyNGXEgeUqKkB5ccK83
Sleeping At Last,0MeLMJJcouYXCymQSHPn8g
Yovie & Nuno,3DHOtJqv0Bw65ENlK4FiSF
The Calling,5aMmmNxw4vgpc5XC6hK0zp
Dallass,4LAFtDzlQM89xov636hMVv
Supernova Ent,3prRKGJz16RRMRSIM97nHw
Sido,4Yttlv9ndGjCDCVLqM7ACq
Waylon Jennings,7wCjDgV6nqBsHguQXPAaIM
Borges,6jBww4kwlSrjaNYP7AQPtX
Garry Sandhu,7M3xY5iHSzEtoL3FpqOD75
Nathan Dawe,2gduEC76ry33RVurAvT05p
RADWIMPS,1EowJ1WwkMzkCkRomFhui7
Corinne Bailey Rae,29WzbAQtDnBJF09es0uddn
Simply Red,1fa0cOhromAZdq2xRA4vv8
CamrinWatsin,20rKUmFZsfv9GBXiv6R9d6
Tion Wayne,7b79bQFziJFedJb75k6hFt
Wale,67nwj3Y5sZQLl72VNUHEYE
LATIN MAFIA,6XTGKOV9jceQ6f67lnhpbF
Zoe Wees,03d2mJXSMtuPI0nIvLnhoS
lucidbeatz,4jEwTCIHu0hdDbamxScpou
twocolors,7ACEUD7UsmmXrnj4OLt8f9
KC & The Sunshine Band,3mQBpAOMWYqAZyxtyeo4Lo
Tiakola,3vUMXQ9kPnZAQkMkZZ7Hfh
Fonseca,53KTldaJ8tHSkYU3nigfwP
Jet,5ypxebeHEIXjMtJb17uJlI
Roar,7dIpKWlEeAljA20vFJ82RD
CURSEDEVIL,6rzNFUmaEVnYb8kzh9tBTt
A Touch Of Class,5wTdspmxzb8V4ZjvDodpBo
MC Kevinho,1mXAhKnZEdF6rotyyd4GBi
Lefty Sm,6eXHRfK9Ad3IpMpSAqvcDf
CNCO,0eecdvMrqBftK0M1VKhaF4
Cedric Gervais,4Wjf8diP59VmPG7fi4y724
Marnik,6S3KljEiIOWoLMUyZrkQUc
Tropa do Bruxo,4s3lxX76LwxzMdQEAFYdzv
XG,0LOK81e9H5lr61HlGGHqwA
Simge,4StjyzjcmZ7a9QncHVf0pu
Marta Sánchez,368rTiMKMrz3b03az6B14w
Key-Key,6GKbEjuVNKuuAKetDXA2Mi
The Rare Occasions,1QfpRUtH14JLoY6F6AYmwt
Jigar Saraiya,48RCl7AbbfhC60EN8a80Op
"Héctor ""El Father""",2TjgzYcbTdsZjbT9OItIeB
Gerardo Coronel,6JoYL9QYbdgPb6EuE5J2pC
BANNERS,4qWnlmXWuGv2TtuxtIWlJX
The Proclaimers,1A92IAcd7A6npCA33oGM5i
Dierks Bentley,7x8nK0m0cP2ksQf0mjWdPS
TJ Monterde,7LvDTuFCBv08xm6u1pOMK0
The xx,3iOvXCl6edW5Um0fXEBRXy
Valentino Merlo,55ru5B05MMBunM1tvH7Di6
Geolier,27LlKWxS3KXW7RRAxN5S8s
Fast & Furious: The Fast Saga,1lpOgw56wZLDa8gaP6bSIs
Ludacris,3ipn9JLAPI5GUEo4y4jcoi
Steely Dan,6P7H3ai06vU1sGvdpBwDmE
Kim Carnes,5PN2aHIvLEM98XIorsPMhE
Pailita,4yxLYO2imECxGYTTV7RQKb
isq,6JjQbtAO09K7qBEW2pdX5s
Skorde,3voCipmmrW5uF4EMA6aSbj
Stone Temple Pilots,2UazAtjfzqBF0Nho2awK4z
Kina,4qIVPF0s71ZYW3qzhu5GkF
Bausa,13bDjug9N0pyv3ZUINjkDV
sped up + slowed,2FRfJyV85zb19tO6uiXBGl
Berlin,2aS6jYh7ysTL1ZUsHneNgM
Panter Bélico,7pESOE4dEq8Yk4OKlJa3pS
Parmish Verma,3OQRPFFS3OsltFjFAXu1kE
G Herbo,5QdEbQJ3ylBnc3gsIASAT5
noturgf,32ENZVmItiETXMCYfM1bbS
Travis Barker,4exLIFE8sISLr28sqG1qNX
El Bogueto,3S9Hg7sRKhmtWunFZ2yAYP
Cypress Hill,4P0dddbxPil35MNN9G2MEX
SEVENTEEN,7nqOGRxlXj7N2JYbgNEjYH
JP Saxe,66W9LaWS0DPdL7Sz8iYGYe
Leo Santana,7KVJCU4z5L4EUHILL8aMxR
Lifehouse,5PokPZn11xzZXyXSfnvIM3
Juhn,2LmcxBak1alK1bf7d1beTr
Daecolm,1IFAU4mznUcfPVP9z2c24N
Seventeen,7nqOGRxlXj7N2JYbgNEjYH
Four Tops,7fIvjotigTGWqjIz6EP1i4
Nfasis,5ypEYwWaSgtjBPCPcredFM
Gülşen,1F2v33FQTavJyaD7ZsyhdA
Fridayy,7sP4SQ0WY6jfps1I19Ot7i
Frédéric Chopin,7y97mc3bZRFXzT2szRM4L4
CERES,5xr9gn1BjczFfeKOfLwDNG
Pradeep Kumar,15ClyGUe5g2vllncIC4tp6
Adnan Sami,0kJO65h553i1iGsZutBuqz
Nick Jonas,4Rxn7Im3LGfyRkY2FlHhWi
NAYEON,1VwDG9aBflQupaFNjUru9A
Mae Stephens,311uEW9rt5g2NmzjGEKS2E
R.K.M & Ken-Y,3jFjgKOGfVLWfXX8q5wrsg
Mc Pedrinho,1etNnR2SdlelBQAICa2Q5m
New Order,0yNLKJebCb8Aueb54LYya3
MC MN,4hV3aU0WKvFaiX5ugXP5hp
Waka Flocka Flame,6f4XkbvYlXMH0QgVRzW0sM
Lasso,3SCOuAxngTC1yGjKMcIPEd
Mani Sharma,3AMxH9QIPZbK8ND8C9j4Ss
Ado,6mEQK9m2krja6X1cfsAjfl
Delacruz,1MzXJ8AaHdidMAnjgcahS4
Tom Rosenthal,1AgxgADPuRIW1wyaA4OKcB
Pierce The Veil,4iJLPqClelZOBCBifm8Fzv
Angel Y Khriz,7npqy7rgdX2D3yfVyWExKo
Wyclef Jean,7aBzpmFXB4WWpPl2F7RjBe
Nate Dogg,1Oa0bMld0A3u5OTYfMzp5h
ZICO,4XpUIb8uuNlIWVKmgKZXC0
Shalmali Kholgade,6uskWv5K2FA0YOAYr7JOUz
Carlos Baute,3smfreCkyJt7bShaTYpG77
Fivio Foreign,14CHVeJGrR5xgUGQFV5BVM
Estelle,5T0MSzX9RC5NA6gAI6irSn
Looking Glass,5jJN1nmKXzRjodMl1THQeI
Slayer,1IQ2e1buppatiN1bxUVkrk
ZODIVK,6nTTVtUnmZWlPju0qzX7Or
"Grover Washington, Jr.",05YVYeV4HxYp5rrWalvuE1
Phoenix,1xU878Z1QtBldR7ru9owdU
Michael Giacchino,4kLvhMAuCloLxoP1aVM7Lr
TATOOL,0shHIQr8VamXbzM66kwGQo
V,3JsHnjpbhX4SnySpvpa9DK
Blood Orange,6LEeAFiJF8OuPx747e1wxR
Dhee,77YvCBWe0tTLygpgSJsdOH
Michael Kiwanuka,0bzfPKdbXL5ezYW2z3UGQj
Conjunto Primavera,3nFB4eMP5gdqee2eQb8nZb
Sara Bareilles,2Sqr0DXoaYABbjBo9HaMkM
Öwnboss,37czgDRfGMvgRiUKHvnnhj
Kris Kross Amsterdam,4LcUpNlXFEleaLlelmkv2R
Hev Abi,4zpGxqF6oI1h3f6Md2v42T
Corona,0CxrfcSWTiBX7M6WAakESI
AJ Tracey,4Xi6LSfFqv26XgP9NKN26U
Vengaboys,0cwmNvclzPd8mQnoHuIksj
Elvis Crespo,1c22GXH30ijlOfXhfLz9Df
Billy Ray Cyrus,60rpJ9SgigSd16DOAG7GSa
Sheila On 7,6q87vizIEdEN4NvlR6mjfT
thiarajxtt,54BjV0qctcWp8xOip7uaJD
Victoria Monét,63XBtGSEZINSyXylZxEUbv
Fabio Asher,6FTLayBxjkQeanFdUusk1I
José González,6xrCU6zdcSTsG2hLrojpmI
Reneé Rapp,2hUYKu1x0UZQXvzCmggvSn
Sezen Aksu,64d1rUxfizSAOE9UbMnUZd
Roberto Carlos,7fAKtXSdNInWAIf0jVUz65
6arelyhuman,1oYXEVbGh1L7EWGm9C68cN
Vaundy,2IUl3m1H1EQ7QfNbNWvgru
Lou Bega,46lnlnlU0dXTDpoAUmH6Qx
Los Invasores De Nuevo León,5CGtBYmVPeLhI1kM2Fn9Gv
Bas,70gP6Ry4Uo0Yx6uzPIdaiJ
Robin Thicke,0ZrpamOxcZybMHGg1AYtHP
Vampire Weekend,5BvJzeQpmsdsFp4HGUYUEx
Joe Cocker,3pFCERyEiP5xeN2EsPXhjI
Ícaro e Gilmar,6Wlvsn3IPHiZwAv02lB5eC
Mukesh,4etv0ut4ws0GbXBtolzf5e
Yovie Widianto,7Ln5yumFjHCkeZ8bAzHUcp
RAF Camora,0Dvx6p8JDyzeOPGmaCIH1L
Yehezkel Raz,31klRMTQJ94NrxwIZJwJBY
Bruno Martini,5veVxxPm1vzgi6pO2iVA8L
Nena,6Tz0QRoe083BcOo2YbG9lV
MALIQ & D'Essentials,18PmEN8ZiHBQlDpxrgR2xs
SMU,2qATSoNFfzMaTEZFfJpG4c
Dubdogz,4cdyqaBREB68H77QKCrKP1
Jamiroquai,6J7biCazzYhU3gM9j1wfid
Masked Wolf,1uU7g3DNSbsu0QjSEqZtEd
Dj Lc,3JcD2LnyvfEki9d7705GaY
Belinda Carlisle,7xkAwz0bQTGDSbkofyQt3U
mrld,31fsDbpNPKe346urriO4ma
Ana Bárbara,43qxAkuKFB6fMNSeS5dO7Z
DJ Guih Da ZO,0rb23mC6LLZ3o15qcdSzjx
fam0uz,5L9XA5GDsOOKNZfeOO8lmo
Lazza,0jdNdfi4vAuVi7a6cPDFBM
KSHMR,2wX6xSig4Rig5kZU6ePlWe
NBSPLV,61TQfpvTjHYQjPrvtJPwVa
Lupe Fiasco,01QTIT5P1pFP3QnnFSdsJf
DJ Sammer,70dP66OT4eq3soksc1syUs
Tinie Tempah,0Tob4H0FLtEONHU1MjpUEp
Niska,7CUFPNi1TU8RowpnFRSsZV
Kelis,0IF46mUS8NXjgHabxk2MCM
BIA,6veh5zbFpm31XsPdjBgPER
Chino & Nacho,2rmkQLzj0k4nZdQehOUByO
Janet Jackson,4qwGe91Bz9K2T8jXTZ815W
K. J. Yesudas,2wPsNCwhEGb0KvChZ5DD52
Yebba,1ooV8YZC1KbpEcrmI8WH0F
Staind,5KDIH2gF0VpelTqyQS7udb
Abel Pintos,6HTUcOExehqydqa7C3usAa
SLANDER,20DZAfCuP1TKZl5KcY7z3Q
Sam Barber,08GfvCW09pv2QP4y9sle2a
Sérgio Mendes,65c5si0ePAwkOCn4M35Ho7
Lalo Ebratt,1GAymyGBvB4gQy5Z5LZ1Wj
Kevin Gates,1gPhS1zisyXr5dHTYZyiMe
Uzielito Mix,7wgrXbrp9RJQMri26GZgyH
Reyli Barba,69BUYvpG9MbjCyIZfsFdhJ
The Bangles,51l0uqRxGaczYr4271pVIC
Sub Urban,7gXb99Sf9nNmpNYeAgIQFG
John Mellencamp,3lPQ2Fk5JOwGWAF3ORFCqH
Tom Walker,7z2avKuuiMAT4XZJFv8Rvh
Nemzzz,3DHtfeD4PsmR9YGhCP4VF7
Hesham Abdul Wahab,50iBEPSw6kQ8GQkumXz7XZ
Steppenwolf,1WRM9i067hd2ujxxi8FI3m
Stevie Nicks,7crPfGd2k81ekOoSqQKWWz
Cup of Joe,61nn6nOoLWjVC1ER2qFAvN
Hillsong Worship,3SgHzT552wy2W8pNLaLk24
George Benson,4N8BwYTEC6XqykGvXXlmfv
Arsy Widianto,7j5PGC0BF48rRtcmgbVvOT
Alice Deejay,2tbvDi9eXf9XXp06LupkED
Adie,1DlYnIiliftt6R21Y5NOW2
Tom Jones,1T0wRBO0CK0vK8ouUMqEl5
Código FN,4A4qYy2jK9DDN1OHV0nLkH
Wu-Tang Clan,34EP7KEpOjXcM2TCat1ISk
Alejandra Guzman,7Hf9AwMO37bSdxHb0FBGmO
Chris de Burgh,2RpHsROrX075xfIwHn6B2U
Prakriti Kakar,59pq5Vw16UDkR9txoPKv86
Ikka,07iEy1AecUPVzfC2J2gCHR
Eiffel 65,64rxQRJsLgZwHHyWKB8fiF
Richard Marx,0grdhNhiRLFBaFVyybqsj6
Luther Vandross,19y5MFBH7gohEdGwKM7QsP
TRASHXRL,3rt96VXGtEgD4uSOJ6B69H
Ramones,1co4F2pPNH8JjTutZkmgSm
Alvaro Soler,2urF8dgLVfDjunO0pcHUEe
Los Auténticos Decadentes,3HrbmsYpKjWH1lzhad7alj
Sheck Wes,2RDOrhPqAM4jzTRCEb19qX
Pat Benatar,43mhFhQ4JAknA7Ik1bOZuV
Kaifi Khalil,1n9EM0Y4A89vuRiA93gSS9
Arthur Nery,7uDdl5V5AETSFY7K3muu22
1nonly,3ZHU5AKrUmIPnCFfr82QER
Beret,0ZHPrnImGh4re3TbSNkoZl
Elefante,5oYHL2SijkMY52gKIhYJNb
Carpenters,1eEfMU2AhEo7XnKgL7c304
Vanessa Carlton,5ILrArfIV0tMURcHJN8Q07
Freddie Dredd,0dlDsD7y6ccmDm8tuWCU6F
Caio Luccas,1a3fr7NdeBT4JlGj6YlbDL
El Malilla,6BV37tKh6pY97mnNdTCzly
Capo Plaza,5SulO4l40qDuV9zUGLZx7n
BM,5lZV4z4dpX6IfTYlfUMvOE
Los Abuelos De La Nada,5R3NywPPOyhLfdvutgg0me
Papon,2FPwX3Gh0w4Qr1v3zSTtcT
MC NAHARA,1Vnwxb3UkZxMF4S3J6hxAS
Turma do Pagode,5JG9GISYjRLQUJMH2C6iJ5
Dj Victor,5kKzlgNRX8FgC6Bni5DNNC
Alonzo,7cxq5jTv6N3KjPehEhnlXG
Miky Woodz,1pf0MPKfKdvS8J779mS1Ay
Mike WiLL Made-It,0NWbwDZY1VkRqFafuQm6wk
MC Davo,3TGeuw7OmACouH5JAKkX7I
Hades66,4CQdcx66F116k2db2Y0rjE
SG Lewis,0GG2cWaonE4JPrjcCCQ1EG
House Of Pain,0AuW7OCyKfFrsMbtHrYgIV
Jerry Rivera,7wOZy3KdFVVINgNFFxkxwO
Valentín Elizalde,3CAhiUHkUYT1mFtVHM9SHA
Alabama,6rJqqRce0Kvo2dJUXoHleC
Angus & Julia Stone,4tvKz56Tr39bkhcQUTO0Xr
Sanjay Leela Bhansali,5eWpthiGD66CLD4bQjvIBp
Ivy Queen,6p2442ymrT9lZEuCZJdYcH
NUEKI,1nccv1GNVkBdvsYi2FB5FB
DannyLux,6ElqtIfQsAkEYypgfJIjeK
Tippu,0PykiHCcDsMPRV7s67qZ1B
Isadora Pompeo,0f59qYByNYzspwAr7huTSB
Mabel Matiz,1dpqJqIuNqideTvmxBsSku
Yorushika,4UK2Lzi6fBfUi9rpDt6cik
Nidji,4sEWznAKWWNcicTuLxzb6d
The Human League,1aX2dmV8XoHYCOQRxjPESG
ODESZA,21mKp7DqtSNHhCAU2ugvUw
Johnny Nash,0nAVvgfE9yI4DwvMiYwk8a
Luis Mexia,4IEP61D1hdCPQVzAYzP9VC
Bhavi,7fT2Me47PQ8T7954PKrcwR
Takagi & Ketra,76UCIJTB0jcJvBaL0CdIqx
Nathan Evans,1PKErrAhYFdfrDymGHRQRo
Pyotr Ilyich Tchaikovsky,3MKCzCnpzw3TjUYs2v7vDA
Cole Swindell,1mfDfLsMxYcOOZkzBxvSVW
Dr. Dog,4mLJ3XfOM5FPjSAWdQ2Jk7
Steve Angello,4FqPRilb0Ja0TKG3RS3y4s
For Revenge,0f6TyESD8E1mD2oLJ4TGv1
Good Charlotte,5aYyPjAsLj7UzANzdupwnS
Grupo Revelação,7yQrcdkLdBAkV7yY9fF2Hw
N.W.A.,4EnEZVjo3w1cwcQYePccay
Ghea Indrawari,3qL7BzwJOXq3EzAio36aLX
Heuss L'enfoiré,3YwqjMyrRfuixi2pbgTGCE
Lijo George-Dj Chetas,5TNSXFCNwlq2CfiMcNOCDP
Travie McCoy,7o9Nl7K1Al6NNAHX6jn6iG
Alex Gargolas,7awyvLSthqOcL5A3hnR1pf
Mariah Angeliq,0KKUc4amZyvswV2YL6WTar
Hillsong UNITED,74cb3MG0x0BOnYNW1uXYnM
Dayglow,6eJa3zG1QZLRB3xgRuyxbm
Lou Reed,42TFhl7WlMRXiNqzSrnzPL
Hiten,597A6e3D22Vq4gxyh4mUjh
Revol,7a3g8JUF8iipgP1BCEsm4I
OHGEESY,3ppQEG71r7jVpI8RudzycF
Ariel Camacho y Los Plebes Del Rancho,2Lxa3SFNEW0alfRvtdXOul
Skepta,2p1fiYHYiXz9qi0JJyxBzN
Lil Jon & The East Side Boyz,7sfl4Xt5KmfyDs2T3SVSMK
HYBS,4mr4X9nJC8DPlNukWbgAaI
Mc Luki,3I44LJGCaI0gSPPz3n16xn
Mc Lipi,0cjkWe9VXcECGiOEHFuTfc
Jennifer Warnes,1BwHztAQKypBuy5WBEdJnG
IU,3HqSLMAZ3g3d5poNaI7GOU
Pesado,4BwiodzEp9Hwes5HeFjMVK
Lauren Daigle,40LHVA5BTQp9RxHOQ9JPYj
Gabb MC,5qyPbwqvOEp7FvR1EeTQQ2
White Gold,79KQgTCu4wV38ECYKn62DZ
southstar,1GVuCyb4PlArufUZDUnRQi
Phantogram,1l9d7B8W0IHy3LqWsxP2SH
Mobb Deep,6O2zJ0tId7g07yzHtX0yap
Maddix,0RMeG9M8QFzss9bAbq99KA
Mufasa & Hypeman,4L2dV3zY7RmkeiNO035Fi0
raissa anggiani,11k3Y6uyixbyGfgPl8qZTZ
Dexys Midnight Runners,4QTVePrFu1xuGM9K0kNXkk
Young Dolph,3HiuzBlSW7pGDXlSFMhO2g
Bone Thugs-N-Harmony,5spEJXLwD1sKUdC2bnOHPg
Super Yei,6HqgxkTt9KGyt27zYrwVan
Dewa,48bKH1ugFBhERC1rdojP9d
PSY,2dd5mrQZvg6SmahdgVKDzh
Chitãozinho & Xororó,7gfkYbxpguEc9bm6m8TpAr
DELLAFUENTE,4bJh7sMPcVRiqe5jlnsWQV
Gaab,2iK1rsbYstkSVn57M4s8ut
Jamie Miller,2LkkwxA19J8C52wPQl5bG6
Emmit Fenn,3VVLqeEqQQqTgT8YhfY9Z6
Westlife,5Z1CCuBsyhEHngq3U5IraY
Greeicy,5dbaLmK5SHLLg8Z4CcTJpX
Ana Mena,6k8mwkKJKKjBILo7ypBspl
Tom Grennan,5SHxzwjek1Pipl1Yk11UHv
T3R Elemento,34nbQa7Hug9DYkRJpfKNFv
Cuco,2Tglaf8nvDzwSQnpSrjLHP
Vundabar,1W4itxt3vwhmrgLEBuVHJ6
Dylan Gossett,4H4M0Y4cN39zIVDHvdW53x
Martin Solveig,1bj5GrcLom5gZFF5t949Xl
SXID,3eTy7yvRHnpPKY4hNCfYYX
Abel Balder,0jqbEIAvdjUOi5Za48pzQG
Amanda Seyfried,5RZjpmuD14JKXvB8Ry1G1u
Antonio Vivaldi,2QOIawHpSlOwXDvSqQ9YJR
La Mosca Tse-Tse,60nua3AsVSfADZtg5Hdz3W
Joost,6s5ubAp65wXoTZefE01RNR
Matoma,4YXycRbyyAE0wozTk7QMEq
JT,39af15p0feaAOdL9DTRj3m
Don Henley,5dbuFbrHa1SJlQhQX9OUJ2
Mondello'G,77lzQa2JgjlkP4uA5ptyo7
Madan Mohan,5Uvn1P3OFu268QovsUAnDu
Seal,5GtMEZEeFFsuHY8ad4kOxv
Anna Kendrick,6xfqnpe2HnLVUaYXs2F8YS
Ben&Ben,22wbnEMDvgVIAGdFeek6ET
GAYLE,2VSHKHBTiXWplO8lxcnUC9
Rodney Atkins,2qgvmDsc4jrqbAbjq1HGM2
9lives,2MQN1o9W3ULxdT38vj8g4Q
Naughty Boy,1bT7m67vi78r2oqvxrP3X5
Mc Magrinho,4JA9UvIYD3D5kL7utiGJMI
Grupo Mojado,28NFZuZbEm7yzMpv1q1Rb7
AnnenMayKantereit,23xqmJEN3oVxwzqtNIyR5m
Mustafa Zahid,71oGOxg5ez52Hh1Ye41A98
Hande Yener,08mjMUUjyTchMHCW7evc3R
Rizky Febian,28DdkLhrzQNizZ0ExQpyku
Josh Turner,7vCtweS8UVAXTyau2j0rDT
Safri Duo,2UOx6w3eHpPKc3RBnNV3Rl
RXDXVIL,54HaZmktN1cmdL8Ygdrmzz
Nusrat Fateh Ali Khan,5HcunTidTUrOaf8V0iJcvl
KeBlack,7x3eTVPlBiPjXHn3qotY86
Bappi Lahiri,2jqTyPt0UZGrthPF4KMpeN
Antonio Aguilar,0PN0fbe41KbuzlRYnoajNm
Billy Ocean,5IDs1CK15HegSAhGEbSYXo
Diego Verdaguer,2UFqwY8A3PLcx8pAkg9g5P
Marca MP,44mEtidu0VdRkIqO4IbkNa
Baby Rasta,3IEvQoAohcGX7CdrbtIle7
Ami Mishra,5ugsiK49gIkIVh8U93EO0z
Bread,70ZTdbPEcEugBNay4MvxfL
Gur Sidhu,0QntOArZgiNHoemAzwJPu5
Alex Gaudino,7vb7VLDqpLTlAy1ctTMR5d
Maverick Sabre,0ukgrNYk51TkMQr0f2Br4Q
Billy Currington,1By9QBFnjZAoI83BZppHlt
Dopamine,4ZNQXRQ01g5pHkmO22QSJb
Lary Over,1jSjfSgDjedJdi5MoyRu78
Alexis y Fido,7tU1VKOuxiNZwBZC6RHidA
Leonardo Aguilar,1QgrwYywvDuC43MDtR8cqq
Michael Sembello,771qBvjnXOH9Azr6lKy6FB
LeAnn Rimes,2d3VHzlOEwXvmBdS4pzOPL
Auli'i Cravalho,5mnS9jJdKQQcRSqFu5YPVe
Extreme,6w7j5wQ5AI5OQYlcM15s2L
Ajaxx,0y7B2G0jNMGWyQJsOoRMUt
Reynmen,1Fg19vpUJpAAPFjnKaVYVW
Naps,6W5uA6CNMf3hd2j4a2XWCx
La Santa Grifa,1oH2B8tcHn4Gpl2bmmyd4A
LIZOT,12A83CWwFiyXy90ScLWPIe
The Turtles,2VIoWte1HPDbZ2WqHd2La7
Carly Simon,4FtSnMlCVxCswABUmdhwpm
Abraham Mateo,2bxxlINUlcMQQb39K7IopR
Haley Reinhart,5cKlE8f6b26h61Ml7m052Q
Ghali,3egWSWp7Y4FyCKIyvXbw7L
Natalie Cole,5tTsrGPwQRWUsHR2Xf7Ke9
Werenoi,3YBJLs7RqR0aPGBgU27nDh
Yung Gravy,2YOYua8FpudSEiB9s88IgQ
Ammy Virk,2RlWC7XKizSOsZ8F3uGi59
No Te Va Gustar,4ZDoy7AWNgQVmX7T0u0B1j
Joyner Lucas,6C1ohJrd5VydigQtaGy5Wa
Lauren Spencer Smith,79AyR6ATpj2LTPxfb6FX50
Jacquees,4tMm1dU6Gn04VAZ9ClHcIZ
Boy Wonder CF,01nUdqwuIHCHLZNP2TvYVF
Fernando & Sorocaba,4391zvuuIvVziLtsvq13Cu
Annalisa,0EqkKYDK9EkKY5N7zU3FPv
ANAVITÓRIA,1sPg5EHuQXTMElpZ4iUgXe
Chaka Khan,6mQfAAqZGBzIfrmlZCeaYT
Travis Tritt,2M4Yt7oKGoYd0wqU44k4i2
Gurnazar,682M6cmwGHOyAB1ZmPv38W
Gminxr,4vvW590Gq8dNWsP5BM9FkS
Fools Garden,0jRqFvRKCDryHOgrgFqsKG
Mareux,7riQPkkGZBnTh9ve5qIhYo
DJ JOAO DA INESTAN,1K3wppIvsUK99HODkiNgeu
mxmtoon,0HthCchcL0kVLHTr113Vk1
AMUSIK,48r1nXoaPXPSx1LoM0Rnzl
Laura Branigan,4463nfFMmK1cwAWBQDwT5e
Chelsea Cutler,5JMLG56F1X5mFmWNmS0iAp
Up Dharma Down,3wbCeEPAW6po7J46netxMT
Migrantes,48R2gYdPKtfnfKAzhSVPUx
The Chicks,25IG9fa7cbdmCIy3OnuH57
Jamie Foxx,7LnaAXbDVIL75IVPnndf7w
Edwin Luna y La Trakalosa de Monterrey,4LFOoXhMhnq9U8VsZkSwxl
$NOT,5IbEL2xjRtKsunfmsahLuO
Shirin David,0JBdTCGs111JKKYfLqOEBa
CRO,4puAp107dCehraE47QXVQX
Los Socios Del Ritmo,7bzt5lHL6bzLO3c9mkxNMW
Donna Summer,2eogQKWWoohI3BSnoG7E2U
deadmau5,2CIMQHirSU0MQqyYHq0eOx
AUR,1WgXqy2Dd70QQOU7Ay074N
yatashigang,2GBDI5PSiEnVoH0YnFFRLx
Josh Meloy,3EVsC9ZK7QMDuK4FPcZaEq
Djavan,5rrmaoBXZ7Jcs4Qb77j0YA
emmanuellcortess_,7hDt3OE2ubsKzO9rMYPXox
Rio Romeo,22y08IZx7u6SWpsfap1Cub
Alice Cooper,3EhbVgyfGd7HkpsagwL9GS
CeeLo Green,5nLYd9ST4Cnwy6NHaCxbj8
Matt Hansen,6wlhqnATSJIc0NQ64VxOVJ
Sinéad O'Connor,4sD9znwiVFx9cgRPZ42aQ1
Franglish,4uJNQGa3L2frXDxwgouTIw
Dyan Dxddy,12Swjg82MNiUOfl1GB3XFx
Lucenzo,5bv5RplEOwdCvhq0EILh9E
Xavier Wulf,3uo0ix4Y67XHVWBhXXIY1S
Madcon,6c4sUNBgdonFJz8Kx2VsGz
Stardust,2w7IutHv5g4e8LumrwtjWR
Armani White,2qAwMsiIjTzlmfAkXKvhVA
Zeeba,7qPLO2XOUaRrRxkvLZ3AEK
Punctual,1ocnIbhFWM9bSPrd7Hu4zF
Speed Radio,1YzaVDzA3EdEipDSUeNQER
Take That,1XgFuvRd7r5g0h844A5ZUQ
t.A.T.u.,2Q3eZMfDQgT8MhPowKFXYO
Dj GBR,0IhzJFf4QBEz0ifqLwScKV
Dj Samir,6U0dJxYVB41L8WDZ02Nwuk
John Williams,3dRfiJ2650SZu6GbydcHNb
Shiraz Uppal,7DcUua74PM7MmBljTTjIyy
Sam Tinnesz,70TsVY28EcEUYSGG5Yw7mp
Aastha Gill,1BYjhAClGpBTLZfics0VRZ
Money Man,3Rx4PJ7SP6unkOk5elPUK7
Tyler Hubbard,3BEV5FcxOtkQJ7lLRKMh3V
José Luis Perales,5RwfJb8wxN1fuodcPORVxP
Kapil Kapilan,0nMjhemqRwrboQGcs92fh2
Angèle,3QVolfxko2UyCOtexhVTli
vtze archive,3yn6fs9MkW1i4V3S2G8Dxs
Lloyd,1Xfmvd48oOhEWkscWyEbh9
Justine Skye,0jUQSUOcM7lxVn5eVGTkzQ
Tarkan,2yMN0IP20GOaN6q0p0zL5k
LUCKI,5tQMB0cuNXdCtzovGt55uD
Bobby Pulido,4EEZg8R3dxbTCCQ1DVWtHg
Spandau Ballet,2urZrEdsq72kx0UzfYN8Yv
Lil Skies,7d3WFRME3vBY2cgoP38RDo
Tiagz,4DMkrFIqGXLycc4YLYTn1i
Chalino Sanchez,7u9m43vPVTERaALXXOzrRq
Repiet,5fDx43KRyr21vME3lLxmxY
BossMan Dlow,23xFbA9rYgRX8mreqysWPc
Chris Grey,0F3maSKfGGVtfATaAyeyPG
Los Plebes del Rancho de Ariel Camacho,2Lxa3SFNEW0alfRvtdXOul
Gustavo Cerati,1QOmebWGB6FdFtW7Bo3F0W
Govind Vasantha,5AWtJTaoFmLLrPwDR5dLPB
Tedua,1AgAVqo74e2q4FVvg0xpT7
Puddle Of Mudd,3dXaa6jwM7B52GZpaJEIr5
MC L da Vinte,0lHB0Qc4pmD5RkTLlHeESo
Luigi 21 Plus,77GVmrLGuxNEvj2ibvT62v
Kizz Daniel,1X6cBGnXpEpN7CmflLKmLV
Julian Perretta,2JLl6rSFWx9YuSPLcLhkAG
A Tribe Called Quest,09hVIj6vWgoCDtT03h8ZCa
Sickick,3NR7hAacOhmcztWvD7vJfS
Warren G,2B4ZHz4QDWJTXPFPgO5peE
Luude,20cmhoGvN0eyzhmsHJH1Mg
Baco Exu do Blues,78nr1pVnDR7qZH6QbVMYZf
Ranjith Govind,7zFlr6Y537SdALqy0Xfvth
Wolfine,2OnKRchqP7tT0FzTvWIFI7
Salt-N-Pepa,7wqtxqI3eo7Gn1P7SpP6cQ
Yahritza Y Su Esencia,51ZSh80McCt7vbqHouzW0A
Bvga Beatz,7saGN6a32YNpiMPo2SWJxE
Vini Vici,29zsVzEH33dD5QqxeL8dvy
Julio Iglesias,4etuCZVdP8yiNPn4xf0ie5
Dreamville,1iNqsUDUraNWrj00bqssQG
Yeri Mua,2Atk4SWx7daQtItQBa735M
El Jordan 23,1fIJZfSmqQkuqfKNRmrS1V
AVAION,5oJvmyeWzyeahRtjup3Oys
Whitesnake,3UbyYnvNIT5DFXU4WgiGpP
Anvita Dutt,4GEyPR3J4DYvuTRuPJQ0CW
Snoh Aalegra,1A9o3Ljt67pFZ89YtPPL5X
Dj Brunin XM,6MSMZkBlZT4vhQmjO5Ynv3
Deva,2970BxpdOBQmkMit6i9kVF
DJ Jeeh FDC,5lal0BjsooQ7ON4t7B73bp
Sam C.S.,5VAyiDhBinVfc6RM5RKnLa
DJ BOY,5ncITNKBT3RMa1U2NsuE7V
Ghostemane,3uL4UpqShC4p2x1dJutoRW
Anvita Dutt Guptan,4GEyPR3J4DYvuTRuPJQ0CW
Kah-Lo,59iOp415oyqGlBHyAhu4z3
Salastkbron,3WMlRpW5JWuDI95TcEWt3r
Nessa Barrett,7pwufEBGfggjoI8twqlsmQ
Gabriela Rocha,4fdCGYM7dtJLa3LvR1ccto
Armand Van Helden,3cQA9WH8liZfeja1DxcDYE
Budi Doremi,6Ifk2cbxyVzT41jLexYCas
Au/Ra,1eMmoIprPDWeFdB1FxU6ZV
Gilsons,6q7nMIVgGohQ14mSsq3F8t
Israel Kamakawiwo'ole,4ogvuDRerGhZfSf7TtzHlr
Trap Capos,2pQAUIesBqfT87PaM1ijtk
Pinegrove,2gbT6GPXMis0OAkZbEQCYB
Dash Berlin,1xT5p0VBpnZDrvVSjX9sri
Judika,5fS7aONqrIhiw6YzgKVOsd
Lumi Athena,1TTHC3GlNDaE5eVoC3BVxm
Chris Young,4BYxqVkZyFjtik7crYLg5Q
Yuri,5B8ApeENp4bE4EE3LI8jK2
SDM,0LKAV3zJ8a8AIGnyc5OvfB
Craig David,2JyWXPbkqI5ZJa3gwqVa0c
Tungevaag,49CE2ffZ6Z3zeYSDauSKck
WEY,0hF6lbAjRsq4svrQUr5sgU
Nacho,2ayNSoKPCRAfjp6hQ76hRu
Nadhif Basalamah,6UgERnTHmjk3qXM9x5vzyO
La Factoria,4VsbQvC84B8Z3IsBY1HLQy
Julia Kleijn,6iOYJDZYumYVmzxPbyfg5W
Michael Schulte,21aa4pj9BvbFB2iT8kRpnq
Switch Disco,4dEayBlrVBjaQOktGkmWki
Baby Bash,12PSlydMSjEHzSCj9X5qv7
Conor Maynard,6mU8ucezzms5I2kNH6HNlu
Jenni Rivera,5c4wQaXkNDqSOTjqX4ExAu
GEE LEE,77uLXqHKG5n6UYMUr0b0e5
Eliza Rose,4XC335ouK6pXyq4QiIb8bP
Lil Tracy,5g63iWaMJ2UrkZMkCC8dMi
HVME,2o08sCWF5yyo2G4DCiT7T9
Emiway Bantai,008PpLcKUtVXle6JSwkq3I
Fuego,7wU2WGCJ8HxkekHHE2QLul
Barry White,3rfgbfpPSfXY40lzRK7Syt
Diego Torres,0LALueHEQunQ2d61fXGeZh
Ñejo & Dalmata,2OHKEe204spO7G7NcbeO2o
Walker Hayes,7sKxqpSqbIzphAKAhrqvlf
Volbeat,0L5fC7Ogm2YwgqVCRcF1bT
Espinoza Paz,01rgao9OzfBm2BOHWJpi1Y
Grupo Bryndis,44WCHvwXBOMz6nm7Mu2ReO
Russ Millions,3FoFW2AoUGRHBacC6i4x4p
HAIM,4Ui2kfOqGujY81UcPrb5KE
Hal,26VFTg2z8YR0cCuwLzESi2
Royal Philharmonic Orchestra,0MvSBMGRQJY3mRwIbJsqF1
Inspector,4OiCK9NnTWhakDIG57uBUA
Pras,0kJMPTXq7h3ztpDukSx5iD
Sugar Ray,4uN3DsfENc7dp0OLO0FEIb
NATHY PELUSO,3VHAySZQPlfGlNLslzXYpN
Vegedream,4eYnorQRhVHT2KBl2UyHHd
Kanii,1S82w4yw9TYIHZ889mPPaW
Mc Lele JP,1mV9h1AwhRXSjBFcYpajgY
BLOK3,1GMwSpFzrLd12jUX15bHB6
La Sonora Dinamita,13or1Wf6ipcvSIiurZATvw
Yiyo Sarante,2rwLjVHS15sfzciKXXNbgA
Fatboy Slim,4Y7tXHSEejGu1vQ9bwDdXW
Surf Mesa,1lmU3giNF3CSbkVSQmLpHQ
Ashnikko,3PyJHH2wyfQK3WZrk9rpmP
NEIMY,71Dhj822M1LGpuryPIV2KO
Claude Debussy,1Uff91EOsvd99rtAupatMP
Swarnalatha,7N0SBLJFpCyQSsv4MfRJ5d
Aditya A,4wwYGgSpeBtvk5WX6HBqzw
IP Singh,7pauOFC9bRqioSX30AvNkG
FELIX!,1DN9Pgv4fiAaRSSgiisj5G
Justin Hurwitz,2snm3HmsnDUDxbIChdl2Oj
Rupert Holmes,0TqIPD4IS1w4e30R38B3vj
Nes,7pwufEBGfggjoI8twqlsmQ
Anar,4C5EDmZfgkkSwUVFSvuUNP
Rionegro & Solimões,33NrinbbEctw1wsdKNgZeZ
Daniel Hope,59r5UU2HOytn9V5uMZ5Vur
Old Jim,6v2YWK8EvCyut0QtBcAypu
Antônio Carlos Jobim,3pO5VjZ4wOHCMBXOvbMISG
Peter Gabriel,7C4sUpWGlTy7IANjruj02I
Tarcísio do Acordeon,48HORs6F9P7IgdyKrk4MZC
The La's,47Z8LEl3LnQkcpva0xSthT
Dimension Latina,2ixSzFmACsZSsx40fXTNYk
Matisse,77aLk6J8ofnVxa1eXK9jiU
Kita Alexander,3CGuwWgoCYSO5Z72H5G2Ec
Florence Welch,0IROOdQ2fQUcoaEPqt1Isg
Dharius,66RfYVdftqnuHRicyClgL0
Unnikrishnan,0mV4UQ0gHg59AAUtg968pX
ChiChi Peralta,5GNSVtCq2hiXDx7jUA5Iou
Ari Abdul,25jJ6vyXwTRa0e6XCcdR6U
Mandy Moore,2LJxr7Pt3JnP60eLxwbDOu
AYLIVA,2rEVnwCPBeGkWMv425KoG1
Billen Ted,5PoZtBo8xZKqPWlZrIDq82
Maverick City Music,58r1rB5t3VF5X6yXGPequV
Tori Kelly,1vSN1fsvrzpbttOYGsliDr
Mahmood,06nvjg4wBANK6DCHjqtPNd
Paul Anka,7ceUfdWq2t5nbatS6ollHh
Wings,3sFhA6G1N0gG1pszb6kk1m
Meryl Streep,2HB65P72dFRiOKvbLLcil2
Uncle Kracker,2DnqqkzzDKm3vAoyHtn8So
Yasmin Santos,597XBqZtaiZC7laCNx3nVz
SNAP!,2FrKQPjJe4pVMZOgm0ESOx
ThxSoMch,4MvZhE1iuzttcoyepkpfdF
Mert Demir,1Zj4GtouAnxHq4qw7ooLfm
Quality Control,6i392l38cR3uBPF0DbNs7S
Yann Tiersen,00sazWvoTLOqg5MFwC68Um
Jay Rock,28ExwzUQsvgJooOI0X1mr3
LSD,6IZ4ctovY9dl7bgHClAvKJ
Daveed Diggs,3twuAojvYNrlWZpMkxLm3P
Stephanie Beatriz,5PYToRCsrnvikZg3yl2JMr
Almighty,6P6GTRTigHBp8ZesNtpCKH
Marracash,5AZuEF0feCXMkUCwQiQlW7
Adriel Favela,0PrhwIWbqYFYyY2ZrkIWgI
Pretenders,0GByy3DcfbQwDvXGCWmzv9
Codiciado,0IoWUuXfqpkfpxBRzthHU4
Pancho Barraza,5dmU7FrmtbQaSzIvGsE4Jp
Blue Öyster Cult,00tVTdpEhQQw1bqdu8RCx2
Complexo dos Hits,3ymF57lFWXJswhYvjC9O6G
Aditya Rikhari,3ozYqVCLohfpXIhalkhM8D
Los Primos MX,6N4VOBE2wNnRIINe3922Oc
VISXGE,6kLsCQ1gKvJmjmC8XbfqFE
A Day To Remember,4NiJW4q9ichVqL1aUsgGAN
Madism,5UUdxfBMwm0hLlLgnZtBFv
Mr.Kitty,0pWwt5vGNzezEhfAcc420Y
Salif Keita,0VVnWF3KNaa5O7ESohKhAx
Mason,6xvpfMjWTougrRRtK7iikz
Mc J Mito,0n57jUvvtDjkdrnbV7kOvB
Peter Bjorn and John,6u11Qbko2N2hP4lTBYjX86
Mano,4CzUzn54Cp9TQr6a7JIlMZ
KT Tunstall,5zzrJD2jXrE9dZ1AklRFcL
Godsmack,6gZq1Q6bdOxsUPUG1TaFbF
BENEE,0Cp8WN4V8Tu4QJQwCN5Md4
Bea Miller,1o2NpYGqHiCq7FoiYdyd1x
YSY A,2qWK8K2Jfh67UqtwY8tCW6
BK,6OjtkJDlAZzlzAydEn78cK
Abhijeet Srivastava,4FJhE5ToBQGzOGf0D5Xd1C
310babii,4VCriUU9CsPnUvoAsxVk1p
Paloma Mami,7rOlQwf8OuFLFQp4aydjBt
João Bosco & Vinicius,7zIRO89G0FBAQtGMHO1Wa0
Saint Motel,1dWEYMPtNmvSVaDNLgB6NV
UZI,51DevdOxIJin6DB1FXJpD1
Princess Superstar,7JQn9DfFTtsFTg2dFc75jM
Bnxn,3zaDigUwjHvjOkSn0NDf9x
Maninder Buttar,2sN4fSzAm2rAL0HIurPCEM
Tech N9ne,6UBA15slIuadJ8h2lPRPos
Dedublüman,5PRW6j58xEEWL4DDVEITKT
Naresh Kamath,79sho4jpEGoCCC51KHnNSJ
Obongjayar,6l7R1jntPahGxwJt7Tky8h
Todah Music,1A5kGvmKIVtX7NhcbtTZJY
The Score,2q3GG88dVwuQPF4FmySr9I
La Ley,1ZVoRDO29AlDXiMkRLMZSK
Bipolar Sunshine,0CjWKoS55T7DOt0HJuwF1H
Lit,5mgr0FFpvy267wKVAYg8qp
Dardan,3pjq2pDV9RR6VY55wBjVnp
AKDO,17EAWIoXAMU9Vo9xRrdZQ0
"Dream, Ivory",0qZyvjwZauLmrobrpJmvib
Chris MC,0obu7Om4zu9ahul5DI4JtY
Remmy Valenzuela,4stSxe6AbpXw3x7nRDsYVX
NDX A.K.A.,1IDBhlpDyKr53UKKxXRHXD
Showtek,3gk0OYeLFWYupGFRHqLSR7
Big Thief,5QdyldG4Fl4TPiOIeMNpBZ
Drowning Pool,1E4r4z7ivGUcSAnCbINJ9v
Ele A El Dominio,4SzD0wClEg9NKVJZbCRFqS
Kaskade,6TQj5BFPooTa08A7pk8AQ1
Flow G,3PDFGpPl4ienSn5Vwisfrh
Legião Urbana,6tw6EpC9RgmSRZiZg0n22t
Skid Row,4opTS86dN9uO313J9CE8xg
CJ,7arQA31aZVS8yS6zUveWzb
Mc Kako,5InVWl8IZB8zFAoNa5roKm
Javed Bashir,5diMmmNkRVfgUnXJrzXzjZ
Janine,4k3yrCOPB5wp2ne8R9MQoM
Paresh Kamath,3PgeUFj9oHU4K4RGaITz2f
Yoko Gold,24WdRSLiIlFrqK2FqxGLVm
Megadeth,1Yox196W7bzVNZI7RBaPnf
Jamie xx,7A0awCXkE1FtSU8B0qwOJQ
Juicy J,5gCRApTajqwbnHHPbr2Fpi
Raim Laode,5LcNPa8f8bRmZqELgoRFkN
Andi Rianto,4yRVdMqPrguKBFwZYpmke0
R. Kelly,2mxe0TnaNL039ysAj51xPQ
King Gnu,6wxfx1yhyqjCPYwwxJktR2
Tai Verdes,2kCO8LXN1usaOPL3iEE28I
Happy Asmara,5423rMdVbchY2cgu0GgH5X
Tyler Braden,63wjVVauFUQ4gBw6QXTT5N
Pashanim,34LetYSjEuG2fBb4Z8PwPg
ITZY,2KC9Qb60EaY0kW4eH68vr3
Paolo Nutini,7x5rK9BClDQ8wmCkYAGsQp
Jordin Sparks,2AQjGvtT0pFYfxR3neFcvz
